transformer_id,timestamp,anomaly_score,anomaly_percentile,anomaly_flag_top_5pct,reason_code,reason_strength,observed_gas_count,missing_gas_count,hours_since_previous_record
TX-D,2015-05-13 11:33:00,0.9999999999976816,100.0,True,oxygen_ppm_delta,978.6534882175397,9,0,3.55
TX-J,2014-10-26 12:57:00,0.9909783096983003,99.99950790791972,True,acetylene_ppm_roll_std_3,235.82157420906026,8,1,677.95
TX-D,2010-07-15 12:00:00,0.987464381127148,99.99901581583947,True,oxygen_ppm_delta,766.4884462381453,9,0,1.0
TX-D,2010-07-14 04:00:00,0.9833623092808885,99.99852372375919,True,oxygen_ppm_delta,774.5741844061301,9,0,1.0
TX-D,2010-07-21 22:00:00,0.98259686040243,99.99803163167891,True,oxygen_ppm_delta,761.145501309603,9,0,1.0
TX-D,2010-08-23 09:00:00,0.981948148376495,99.99753953959865,True,oxygen_ppm_delta,757.5631606595734,9,0,4.0
TX-D,2010-07-09 23:00:00,0.9810592074449475,99.99704744751838,True,oxygen_ppm_delta,774.0321465148286,9,0,1.0
TX-F,2012-02-10 12:00:00,0.9806544370428957,99.9965553554381,True,ethane_ppm_roll_std_3,134.65710812940765,9,0,1.2166666666666666
TX-D,2010-07-14 01:00:00,0.9795298265227038,99.99581721731771,True,oxygen_ppm_delta,773.9261842202885,9,0,1.0
TX-D,2010-07-16 00:00:00,0.9795298265227038,99.99581721731771,True,oxygen_ppm_delta,772.4793913525292,9,0,1.0
TX-D,2010-07-15 02:00:00,0.9791882776792261,99.9950790791973,True,oxygen_ppm_delta,773.2578066701124,9,0,1.0
TX-D,2010-07-24 20:00:00,0.9787445028185943,99.99458698711703,True,oxygen_ppm_delta,767.1690502069224,9,0,1.0
TX-F,2012-02-10 14:00:00,0.9770202078964095,99.99409489503675,True,acetylene_ppm_roll_std_3,108.33731240607844,9,0,1.0
TX-D,2010-07-15 20:00:00,0.9765505647261765,99.99360280295649,True,oxygen_ppm_delta,772.4427120967267,9,0,1.0
TX-D,2010-08-01 18:00:00,0.9764475271771401,99.99311071087622,True,oxygen_ppm_delta,764.0513134637226,9,0,1.0
TX-D,2010-08-26 05:00:00,0.9750497732932222,99.99261861879594,True,oxygen_ppm_delta,756.9803680396029,9,0,4.0
TX-D,2010-07-15 04:00:00,0.9749461761360257,99.99212652671568,True,oxygen_ppm_delta,766.5251254939477,9,0,1.0
TX-D,2010-07-02 04:00:00,0.9740156831389053,99.99163443463542,True,oxygen_ppm_delta,792.4858876562778,9,0,1.0
TX-D,2010-07-21 02:00:00,0.9730519016876763,99.99114234255514,True,oxygen_ppm_delta,770.3316171516583,9,0,1.0
TX-D,2010-07-18 09:00:00,0.9726542395294837,99.99065025047487,True,oxygen_ppm_delta,771.1711645622454,9,0,1.0
TX-D,2010-07-21 12:00:00,0.9718588682535725,99.9901581583946,True,oxygen_ppm_delta,769.4635414310026,9,0,1.0
TX-D,2010-07-11 09:00:00,0.9714722329852475,99.98966606631433,True,oxygen_ppm_delta,773.795769088547,9,0,1.0
TX-F,2012-02-10 15:00:00,0.9706479898737059,99.98917397423406,True,acetylene_ppm_roll_std_3,99.71032164768395,9,0,1.0
TX-D,2010-07-12 11:00:00,0.9702742957161931,99.98868188215378,True,oxygen_ppm_delta,774.3052031969129,9,0,1.0
TX-D,2010-08-03 20:00:00,0.9648931645012114,99.98818979007352,True,oxygen_ppm_delta,759.6864820232428,9,0,1.0
TX-D,2010-08-02 02:00:00,0.9634794296808338,99.98769769799326,True,oxygen_ppm_delta,763.4236906422157,9,0,1.0
TX-D,2010-07-30 00:00:00,0.9628027282284204,99.98720560591298,True,oxygen_ppm_delta,767.2872389200631,9,0,1.0
TX-D,2010-07-30 02:00:00,0.9611121417597046,99.9867135138327,True,oxygen_ppm_delta,761.536746704828,9,0,1.0
TX-D,2010-07-25 16:00:00,0.9605582564570075,99.98622142175245,True,oxygen_ppm_delta,766.7737293388302,9,0,1.0
TX-D,2010-07-31 06:00:00,0.9599214026967795,99.98572932967217,True,oxygen_ppm_delta,767.1405218968538,9,0,1.0
TX-D,2010-08-03 13:00:00,0.9594232213511151,99.98523723759189,True,oxygen_ppm_delta,765.1190873548576,9,0,1.0
TX-D,2014-11-13 08:20:00,0.9579821723957012,99.98474514551164,True,carbon_dioxide_ppm_roll_std_3,534.5505773702855,9,0,5.333333333333333
TX-D,2012-02-01 10:28:00,0.9570989424743431,99.98425305343136,True,oxygen_ppm_delta,874.3417601885226,9,0,454.8333333333333
TX-C,2013-10-24 09:00:00,0.956434292211458,99.98376096135108,True,oxygen_ppm_roll_std_3,649.7340113731856,9,0,7.0
TX-D,2010-08-01 06:00:00,0.9563873578472935,99.98326886927082,True,oxygen_ppm_delta,766.1583329359242,9,0,1.0
TX-D,2014-08-20 12:00:00,0.9553418640371046,99.98277677719055,True,carbon_dioxide_ppm_roll_std_3,477.44326518546956,9,0,8.0
TX-C,2013-10-09 11:41:00,0.9516028463340435,99.98228468511027,True,oxygen_ppm_roll_std_3,614.2035147360328,9,0,1.6833333333333331
TX-J,2014-09-24 12:00:00,0.9511803878527096,99.98179259303001,True,acetylene_ppm_roll_std_3,249.25769482794013,9,0,6.0
TX-D,2013-11-06 09:00:00,0.9511020793760803,99.98130050094973,True,oxygen_ppm_delta,507.8222588471049,9,0,8.0
TX-I,2013-10-23 12:43:00,0.9476777390815924,99.98080840886946,True,ethylene_ppm_roll_std_3,37.26211241428949,9,0,1270.7166666666667
TX-D,2013-10-24 09:09:00,0.9474103411820627,99.9803163167892,True,oxygen_ppm_delta,495.5999157191884,9,0,7.15
TX-F,2012-02-10 18:00:00,0.9432916356364198,99.97982422470892,True,ethane_ppm_roll_std_3,85.66621263442279,9,0,1.0
TX-D,2014-10-23 14:10:00,0.9408417882848205,99.97933213262866,True,carbon_dioxide_ppm_roll_std_3,509.79912486588023,9,0,2.1666666666666665
TX-C,2014-01-13 10:30:00,0.9393887234382484,99.97884004054839,True,oxygen_ppm_roll_std_3,740.5171083859798,9,0,1.5
TX-D,2013-10-09 11:52:00,0.9352929364761462,99.97834794846811,True,oxygen_ppm_delta,469.08488924695615,9,0,1.8666666666666667
TX-F,2012-02-10 17:00:00,0.9335715081627979,99.97785585638785,True,ethane_ppm_roll_std_3,86.87886988397706,9,0,1.0
TX-D,2014-01-13 14:27:00,0.9328924498884257,99.97736376430758,True,oxygen_ppm_delta,607.3575326760825,9,0,3.45
TX-C,2013-09-05 13:54:00,0.9309008774168889,99.9768716722273,True,oxygen_ppm_roll_std_3,610.2472277650212,9,0,3.9
TX-F,2012-02-14 08:00:00,0.9299679747788167,99.97637958014704,True,acetylene_ppm_roll_std_3,181.92829895550128,9,0,3.0
TX-C,2014-07-18 14:04:00,0.9267560157425401,99.97588748806677,True,oxygen_ppm_roll_std_3,918.4253871040737,9,0,4.066666666666666
TX-D,2013-10-31 10:20:00,0.9255523226691272,99.9753953959865,True,oxygen_ppm_delta,500.41304917503015,9,0,1.3333333333333333
TX-D,2012-01-12 07:00:00,0.9243222980786716,99.97490330390623,True,carbon_dioxide_ppm_roll_std_3,417.3866995131916,9,0,4.0
TX-F,2012-02-13 20:00:00,0.9230112376188262,99.97441121182595,True,acetylene_ppm_roll_std_3,219.69703938193575,9,0,3.0
TX-C,2014-09-08 10:00:00,0.922681033514064,99.97391911974569,True,oxygen_ppm_roll_std_3,961.1568958296297,9,0,8.0
TX-D,2011-11-05 01:00:00,0.9216399882007716,99.97342702766542,True,carbon_dioxide_ppm_roll_std_3,428.6475967995007,9,0,4.0
TX-E,2014-08-03 11:00:00,0.9194284175927508,99.97268888954501,True,carbon_dioxide_ppm_log1p,23.028388482814933,9,0,4.0
TX-G,2014-08-03 11:00:00,0.9194284175927508,99.97268888954501,True,carbon_dioxide_ppm_log1p,23.028388482814933,9,0,4.0
TX-F,2012-02-10 21:00:00,0.9193874135219168,99.97195075142461,True,ethane_ppm_roll_std_3,86.99799937220627,9,0,1.0
TX-D,2014-04-15 14:33:00,0.9141617474333013,99.97145865934434,True,oxygen_ppm_delta,431.0444255070521,9,0,2.55
TX-C,2014-04-15 14:12:00,0.9135610936295081,99.97096656726406,True,oxygen_ppm_roll_std_3,883.0816419001673,9,0,4.2
TX-C,2014-08-20 12:15:00,0.9127371955613516,99.9704744751838,True,oxygen_ppm_roll_std_3,969.1497625803755,9,0,2.25
TX-F,2012-02-14 20:00:00,0.9117003210055084,99.96998238310353,True,acetylene_ppm_roll_std_3,146.2873748911194,9,0,3.0
TX-F,2012-02-10 13:00:00,0.9110910685797203,99.96949029102325,True,acetylene_ppm_roll_std_3,170.35289763605468,9,0,1.0
TX-F,2012-02-12 11:00:00,0.9068342496130981,99.96899819894298,True,ethane_ppm_roll_std_3,73.1787572856641,9,0,1.0
TX-D,2013-09-05 14:05:00,0.9059486837979195,99.96850610686272,True,oxygen_ppm_delta,478.30768434481377,9,0,4.083333333333333
TX-F,2012-02-10 20:00:00,0.9056880114046545,99.96801401478244,True,ethane_ppm_roll_std_3,88.85442127238086,9,0,1.0
TX-L,2014-10-12 12:55:00,0.9026384686595572,99.96752192270218,True,oxygen_ppm_log1p,126.36847895002622,9,0,6.0
TX-D,2015-02-13 11:00:00,0.9004803649036089,99.9670298306219,True,carbon_dioxide_ppm_roll_std_3,532.7256818580845,9,0,8.0
TX-F,2012-02-14 02:00:00,0.8978049056641859,99.96653773854163,True,acetylene_ppm_roll_std_3,76.60138903389527,9,0,3.0
TX-D,2013-07-18 09:05:00,0.8977321880930339,99.96604564646137,True,oxygen_ppm_delta,455.51356460008657,9,0,7.083333333333333
TX-E,2014-01-07 10:00:00,0.8928398905937036,99.96530750834096,True,carbon_dioxide_ppm_log1p,23.028388482814933,9,0,1.0
TX-G,2014-01-07 10:00:00,0.8928398905937036,99.96530750834096,True,carbon_dioxide_ppm_log1p,23.028388482814933,9,0,1.0
TX-F,2012-02-15 02:00:00,0.8879932208205166,99.96456937022056,True,acetylene_ppm_roll_std_3,115.43403764135607,9,0,3.0
TX-F,2012-02-14 05:00:00,0.8863371227424126,99.96407727814028,True,acetylene_ppm_roll_std_3,181.92829895550128,9,0,2.0
TX-F,2012-02-13 21:00:00,0.8851591656289143,99.96358518606002,True,acetylene_ppm_roll_std_3,219.69703938193575,9,0,1.0
TX-F,2012-02-13 17:00:00,0.8843955722201038,99.96309309397975,True,acetylene_ppm_roll_std_3,219.69703938193575,9,0,2.0
TX-C,2013-07-15 11:24:00,0.8829610988904439,99.96260100189947,True,oxygen_ppm_roll_std_3,631.8630100683429,9,0,6.4
TX-F,2012-02-16 02:00:00,0.8805585809742078,99.96210890981921,True,acetylene_ppm_roll_std_3,68.62207767619783,9,0,3.0
TX-F,2012-02-14 09:00:00,0.8798226704349226,99.96161681773894,True,acetylene_ppm_roll_std_3,181.92829895550128,9,0,1.0
TX-F,2012-02-11 06:00:00,0.879110703419639,99.96112472565866,True,ethane_ppm_roll_std_3,82.23953111994635,9,0,1.0
TX-F,2012-02-11 14:00:00,0.8787457662580475,99.9606326335784,True,ethane_ppm_roll_std_3,82.09747631158733,9,0,1.0
TX-C,2015-05-13 10:39:00,0.876930940004259,99.96014054149812,True,oxygen_ppm_roll_std_3,1029.642736287805,9,0,4.65
TX-F,2012-02-18 20:00:00,0.8732766247944138,99.95964844941786,True,acetylene_ppm_roll_std_3,128.20093581367192,9,0,3.0
TX-F,2012-02-10 23:00:00,0.8718821660777916,99.95915635733759,True,ethane_ppm_roll_std_3,84.87089747108298,9,0,1.0
TX-L,2014-04-26 13:55:00,0.8700554341749245,99.95866426525731,True,oxygen_ppm_log1p,126.36847895002622,9,0,4.0
TX-F,2012-02-11 15:00:00,0.8685747294709266,99.95817217317705,True,ethane_ppm_roll_std_3,81.11957584463505,9,0,1.0
TX-F,2012-02-14 14:00:00,0.8681344151866885,99.95768008109678,True,ethane_ppm_roll_std_3,72.75770803754301,9,0,3.0
TX-F,2012-02-14 03:00:00,0.8679860761755942,99.9571879890165,True,acetylene_ppm_roll_std_3,76.60138903389527,9,0,1.0
TX-F,2012-02-11 00:00:00,0.867763031708372,99.95669589693622,True,ethane_ppm_roll_std_3,85.91300171337683,9,0,1.0
TX-F,2012-02-12 08:00:00,0.8671941105029328,99.95620380485597,True,ethane_ppm_roll_std_3,70.77444224402583,9,0,1.0
TX-F,2012-02-13 08:00:00,0.8664789195967902,99.9557117127757,True,ethane_ppm_roll_std_3,71.27448000173727,9,0,1.0
TX-F,2012-02-11 05:00:00,0.8660055550922868,99.95521962069543,True,ethane_ppm_roll_std_3,82.62094943281872,9,0,1.0
TX-F,2012-02-14 21:00:00,0.8659187859010846,99.95472752861515,True,acetylene_ppm_roll_std_3,146.2873748911194,9,0,1.0
TX-D,2010-08-23 13:00:00,0.8635524768393384,99.95423543653489,True,oxygen_ppm_delta,758.9080667056596,9,0,4.0
TX-D,2010-07-22 19:00:00,0.8626103123781195,99.95374334445461,True,oxygen_ppm_delta,763.2688226732723,9,0,1.0
TX-D,2010-07-15 03:00:00,0.8624056902111794,99.95325125237434,True,oxygen_ppm_delta,766.4721443466775,9,0,1.0
TX-D,2010-07-15 22:00:00,0.8622988434818769,99.95275916029406,True,oxygen_ppm_delta,765.8608234166384,9,0,1.0
TX-D,2010-07-11 10:00:00,0.8620691076820352,99.95226706821381,True,oxygen_ppm_delta,769.0478431985761,9,0,1.0
TX-F,2012-02-12 23:00:00,0.861489590663342,99.95177497613354,True,ethane_ppm_roll_std_3,80.16983623326753,9,0,1.0
TX-F,2012-02-15 03:00:00,0.8611381760146928,99.95128288405326,True,acetylene_ppm_roll_std_3,115.43403764135607,9,0,1.0
TX-L,2013-06-03 05:55:00,0.8609697943375173,99.95079079197299,True,oxygen_ppm_log1p,126.36847895002622,9,0,1.0
TX-D,2010-07-21 08:00:00,0.8608012765437223,99.95029869989273,True,oxygen_ppm_delta,764.0635398823233,9,0,1.0
TX-F,2012-02-11 02:00:00,0.8606113824024814,99.94980660781245,True,ethane_ppm_roll_std_3,82.30714162795265,9,0,1.0
TX-D,2010-07-15 11:00:00,0.8600085070856722,99.94931451573218,True,oxygen_ppm_delta,766.4354650908754,9,0,1.0
TX-D,2010-08-26 17:00:00,0.8598969301304787,99.94882242365192,True,oxygen_ppm_delta,749.073950677763,9,0,4.0
TX-J,2014-09-24 14:00:00,0.8598596102910667,99.94833033157164,True,acetylene_ppm_roll_std_3,250.92138300205266,9,0,1.25
TX-F,2012-02-11 20:00:00,0.8591214185917013,99.94783823949138,True,ethane_ppm_roll_std_3,81.70259650595197,9,0,1.0
TX-D,2010-07-15 18:00:00,0.8587369549025681,99.9473461474111,True,oxygen_ppm_delta,764.2102569055326,9,0,1.0
TX-D,2010-07-10 01:00:00,0.8578159871456714,99.94685405533083,True,oxygen_ppm_delta,769.8629377719616,9,0,1.0
TX-F,2012-02-12 12:00:00,0.8568584385101672,99.94636196325057,True,ethane_ppm_roll_std_3,73.61830762617754,9,0,1.0
TX-D,2010-07-16 02:00:00,0.8565461637023841,99.94586987117029,True,oxygen_ppm_delta,768.4283713228028,9,0,1.0
TX-D,2010-07-14 02:00:00,0.8565333315345861,99.94537777909002,True,oxygen_ppm_delta,769.5654282526758,9,0,1.0
TX-D,2010-07-18 16:00:00,0.853306326377822,99.94488568700976,True,oxygen_ppm_delta,761.1210484724015,9,0,1.0
TX-D,2010-07-26 17:00:00,0.8533043804571181,99.94439359492948,True,oxygen_ppm_delta,761.536746704828,9,0,1.0
TX-D,2010-07-21 21:00:00,0.8528427307728713,99.94390150284922,True,oxygen_ppm_delta,761.0925201623328,9,0,1.0
TX-F,2012-02-11 03:00:00,0.8527832606429833,99.94340941076895,True,ethane_ppm_roll_std_3,81.84838783777911,9,0,1.0
TX-F,2012-02-25 08:00:00,0.8526209857374911,99.94291731868867,True,acetylene_ppm_roll_std_3,159.05427306343532,9,0,3.0
TX-D,2010-07-14 07:00:00,0.8511771378787055,99.9424252266084,True,oxygen_ppm_delta,769.8670132448285,9,0,1.0
TX-D,2010-08-01 09:00:00,0.8509380028387253,99.94193313452814,True,oxygen_ppm_delta,759.3522932481548,9,0,1.0
TX-D,2010-07-12 17:00:00,0.8508403666534673,99.94144104244786,True,oxygen_ppm_delta,769.3372017721279,9,0,1.0
TX-F,2012-02-12 17:00:00,0.8485374882987643,99.9409489503676,True,ethane_ppm_roll_std_3,77.27534046950014,9,0,1.0
TX-F,2012-02-12 20:00:00,0.8483227652800324,99.94045685828732,True,ethane_ppm_roll_std_3,75.98133770827573,9,0,1.0
TX-F,2012-02-14 17:00:00,0.8478545807152854,99.93996476620705,True,acetylene_ppm_roll_std_3,146.2873748911194,9,0,2.0
TX-F,2012-02-16 03:00:00,0.8475659613676835,99.93947267412679,True,acetylene_ppm_roll_std_3,68.62207767619783,9,0,1.0
TX-D,2010-07-05 04:00:00,0.8469541549776288,99.93898058204651,True,oxygen_ppm_delta,774.0647502977641,9,0,1.0
TX-F,2012-02-13 05:00:00,0.8469506338333339,99.93848848996623,True,ethane_ppm_roll_std_3,75.548987818643,9,0,1.0
TX-F,2012-02-11 18:00:00,0.8468968773227283,99.93799639788598,True,ethane_ppm_roll_std_3,76.76555476706152,9,0,1.0
TX-F,2012-02-11 17:00:00,0.8452194117927543,99.9375043058057,True,ethane_ppm_roll_std_3,76.52821615965433,9,0,1.0
TX-F,2012-02-26 02:00:00,0.8448673975632678,99.93701221372542,True,acetylene_ppm_roll_std_3,168.62944669267222,9,0,3.0
TX-F,2012-02-15 08:00:00,0.8447502538271433,99.93652012164517,True,ethane_ppm_roll_std_3,70.39664770743147,9,0,3.0
TX-F,2012-02-14 23:00:00,0.8444413066644726,99.9360280295649,True,acetylene_ppm_roll_std_3,115.43403764135607,9,0,2.0
TX-D,2015-05-13 16:00:00,0.8443055841988735,99.93553593748462,True,oxygen_ppm_delta,967.1728811514041,9,0,4.45
TX-F,2012-02-17 02:00:00,0.8436136656845714,99.93504384540435,True,ethane_ppm_roll_std_3,71.39124981354189,9,0,3.0
TX-D,2010-08-01 00:00:00,0.843214111926238,99.93455175332409,True,oxygen_ppm_delta,760.921350301922,9,0,1.0
TX-D,2010-08-02 06:00:00,0.8428897703698311,99.93405966124381,True,oxygen_ppm_delta,759.2667083179493,9,0,1.0
TX-D,2010-08-01 19:00:00,0.8428183737748155,99.93356756916354,True,oxygen_ppm_delta,761.1495767824699,9,0,1.0
TX-F,2012-02-25 20:00:00,0.8425755238326523,99.93307547708326,True,acetylene_ppm_roll_std_3,139.90392580496146,9,0,3.0
TX-F,2012-02-12 14:00:00,0.842341778829977,99.932583385003,True,ethane_ppm_roll_std_3,76.34098058332975,9,0,1.0
TX-F,2012-02-13 11:00:00,0.8420884144720323,99.93209129292273,True,ethane_ppm_roll_std_3,74.66295954992555,9,0,1.0
TX-F,2012-02-13 00:00:00,0.8419547486954188,99.93159920084246,True,ethane_ppm_roll_std_3,78.44101996673834,9,0,1.0
TX-F,2012-02-11 08:00:00,0.8402954081499026,99.93110710876219,True,ethane_ppm_roll_std_3,80.69004307933466,9,0,1.0
TX-D,2010-08-03 21:00:00,0.8402899802586746,99.93061501668193,True,oxygen_ppm_delta,759.6008970930374,9,0,1.0
TX-D,2010-07-30 01:00:00,0.8394202402762785,99.93012292460165,True,oxygen_ppm_delta,761.4837655575582,9,0,1.0
TX-F,2012-02-13 02:00:00,0.8392120045551055,99.92963083252138,True,ethane_ppm_roll_std_3,74.15089504079032,9,0,1.0
TX-D,2010-07-30 15:00:00,0.8385371603400887,99.92913874044112,True,oxygen_ppm_delta,763.0976528128615,9,0,1.0
TX-F,2012-02-12 18:00:00,0.8377114125269874,99.92864664836084,True,ethane_ppm_roll_std_3,77.97235694104361,9,0,1.0
TX-F,2012-02-15 14:00:00,0.8376052099363099,99.92815455628057,True,ethane_ppm_roll_std_3,73.38652477167106,9,0,3.0
TX-D,2010-07-24 21:00:00,0.8367985243239711,99.92766246420031,True,oxygen_ppm_delta,765.8975026724407,9,0,1.0
TX-F,2012-02-24 02:00:00,0.8365834212655303,99.92717037212003,True,acetylene_ppm_roll_std_3,127.1370276326456,9,0,3.0
TX-F,2012-02-26 08:00:00,0.8363264817696728,99.92667828003977,True,acetylene_ppm_roll_std_3,146.2873748911194,9,0,3.0
TX-F,2012-02-11 23:00:00,0.8358369313088044,99.92618618795949,True,ethane_ppm_roll_std_3,80.7842274785739,9,0,1.0
TX-F,2012-02-12 21:00:00,0.8340823864269007,99.92569409587922,True,ethane_ppm_roll_std_3,76.73054256203253,9,0,1.0
TX-F,2012-02-13 06:00:00,0.8337309514571242,99.92520200379896,True,ethane_ppm_roll_std_3,74.73579607570346,9,0,1.0
TX-D,2010-08-03 19:00:00,0.8335670759630636,99.92470991171868,True,oxygen_ppm_delta,759.6335008759729,9,0,1.0
TX-F,2012-02-11 12:00:00,0.8325521376907526,99.9242178196384,True,ethane_ppm_roll_std_3,78.81403047575542,9,0,1.0
TX-F,2012-02-11 11:00:00,0.8324698512165536,99.92372572755815,True,ethane_ppm_roll_std_3,76.6700617851635,9,0,1.0
TX-F,2012-02-16 08:00:00,0.8299947328533718,99.92323363547787,True,ethane_ppm_roll_std_3,70.95284009662909,9,0,3.0
TX-K,2013-09-04 22:00:00,0.8297743388945645,99.92274154339759,True,oxygen_ppm_log1p,62.102045652113944,9,0,2.0
TX-D,2014-08-20 12:02:00,0.8297164143817545,99.92224945131734,True,carbon_dioxide_ppm_roll_std_3,476.3235156676174,9,0,0.0333333333333333
TX-F,2012-02-13 14:00:00,0.829525665994074,99.92175735923706,True,ethane_ppm_roll_std_3,70.84143847775908,9,0,1.0
TX-F,2012-02-12 09:00:00,0.8291711658607933,99.92126526715678,True,ethane_ppm_roll_std_3,71.74425999797114,9,0,1.0
TX-F,2012-02-12 05:00:00,0.829160436092356,99.92077317507652,True,ethane_ppm_roll_std_3,76.20322181128495,9,0,1.0
TX-L,2013-05-01 15:55:00,0.8281728534987792,99.92028108299625,True,oxygen_ppm_log1p,126.36847895002622,9,0,98.0
TX-K,2013-08-21 19:00:00,0.8275971302767715,99.91978899091598,True,oxygen_ppm_log1p,62.102045652113944,9,0,5.0
TX-K,2013-08-05 14:00:00,0.8269068006362345,99.91929689883571,True,oxygen_ppm_log1p,62.102045652113944,9,0,1.0
TX-F,2012-02-10 16:00:00,0.8250116246452857,99.91880480675543,True,ethane_ppm_roll_std_3,84.53613794473144,9,0,1.0
TX-F,2012-02-13 12:00:00,0.8249051153118072,99.91831271467517,True,ethane_ppm_roll_std_3,74.97996330649796,9,0,1.0
TX-K,2013-08-20 06:00:00,0.8248569300290097,99.9178206225949,True,oxygen_ppm_log1p,62.102045652113944,9,0,2.0
TX-K,2013-08-23 22:00:00,0.824170400100814,99.91732853051462,True,oxygen_ppm_log1p,62.102045652113944,9,0,2.0
TX-F,2012-02-17 03:00:00,0.8234754347405642,99.91683643843436,True,ethane_ppm_roll_std_3,70.48596615469575,9,0,1.0
TX-F,2012-02-15 20:00:00,0.8226078324810387,99.9163443463541,True,ethane_ppm_roll_std_3,69.95436356209692,9,0,3.0
TX-K,2013-07-24 19:00:00,0.8215168386883991,99.91585225427382,True,oxygen_ppm_log1p,62.102045652113944,9,0,5.0
TX-J,2014-09-24 12:31:00,0.8211496724749161,99.91536016219355,True,carbon_dioxide_ppm_log1p,9.257603450739536,8,1,0.5166666666666667
TX-F,2012-02-13 09:00:00,0.8208461798287358,99.91486807011329,True,ethane_ppm_roll_std_3,70.45809844000293,9,0,1.0
TX-F,2012-02-14 15:00:00,0.8204764406039525,99.91437597803301,True,ethane_ppm_roll_std_3,74.12993759569653,9,0,1.0
TX-F,2012-02-15 09:00:00,0.8203464143671708,99.91388388595274,True,ethane_ppm_roll_std_3,70.09155259895513,9,0,1.0
TX-F,2012-02-16 20:00:00,0.8200239624555068,99.91339179387248,True,ethane_ppm_roll_std_3,66.10716721122388,9,0,3.0
TX-F,2012-02-12 15:00:00,0.8193402744441921,99.9128997017922,True,ethane_ppm_roll_std_3,75.32513862391004,9,0,1.0
TX-D,2014-10-23 14:15:00,0.8184581549494466,99.91240760971193,True,carbon_dioxide_ppm_roll_std_3,509.5961223548564,9,0,0.0833333333333333
TX-F,2012-02-13 03:00:00,0.8183699734861843,99.91191551763166,True,ethane_ppm_roll_std_3,75.26764800706184,9,0,1.0
TX-C,2013-05-08 13:56:00,0.8183060262355645,99.91142342555139,True,oxygen_ppm_roll_std_3,576.6830612612381,9,0,5.933333333333334
TX-F,2012-02-15 21:00:00,0.8176673149381823,99.91093133347113,True,ethane_ppm_roll_std_3,68.9944409637901,9,0,1.0
TX-F,2012-02-18 21:00:00,0.8176437871623398,99.91043924139085,True,acetylene_ppm_roll_std_3,128.20093581367192,9,0,1.0
TX-F,2012-02-11 09:00:00,0.8164207675367099,99.90994714931057,True,ethane_ppm_roll_std_3,80.0195002293186,9,0,1.0
TX-F,2012-02-16 09:00:00,0.8157023971571798,99.90945505723032,True,ethane_ppm_roll_std_3,73.03410139649738,9,0,1.0
TX-J,2014-09-24 15:00:00,0.8156162067323128,99.90896296515004,True,acetylene_ppm_delta,250.91056252529341,8,1,1.0
TX-D,2010-07-15 21:00:00,0.8149626784075061,99.90847087306976,True,oxygen_ppm_roll_std_3,437.282472146852,9,0,1.0
TX-J,2010-12-10 21:00:00,0.8149494373318161,99.90797878098951,True,ethane_ppm_roll_std_3,9.268003336826922,8,1,827.0
TX-F,2012-02-12 00:00:00,0.8148215267661818,99.90748668890923,True,ethane_ppm_roll_std_3,80.47782943469089,9,0,1.0
TX-F,2012-02-16 14:00:00,0.8147298288058894,99.90699459682895,True,ethane_ppm_roll_std_3,71.39461076155992,9,0,3.0
TX-F,2012-02-11 21:00:00,0.8147236264350831,99.90650250474869,True,ethane_ppm_roll_std_3,80.5906410857879,9,0,1.0
TX-K,2013-08-02 22:00:00,0.8142896077835922,99.90601041266842,True,oxygen_ppm_log1p,62.102045652113944,9,0,1.0
TX-F,2012-02-18 08:00:00,0.8134518963151829,99.90551832058814,True,ethane_ppm_roll_std_3,65.14577035630208,9,0,3.0
TX-D,2010-07-12 11:44:00,0.8133719753503305,99.90478018246775,True,oxygen_ppm_roll_std_3,438.338753166228,9,0,0.7333333333333333
TX-D,2010-07-18 10:00:00,0.8133719753503305,99.90478018246775,True,oxygen_ppm_roll_std_3,436.56133499576765,9,0,1.0
TX-D,2010-07-15 05:00:00,0.8133481730228236,99.90404204434734,True,oxygen_ppm_roll_std_3,433.9264107898853,9,0,1.0
TX-F,2012-02-13 23:00:00,0.8122544060549363,99.90354995226707,True,acetylene_ppm_roll_std_3,76.60138903389527,9,0,2.0
TX-D,2010-07-02 05:00:00,0.811828651753768,99.90305786018679,True,oxygen_ppm_roll_std_3,448.64962762451233,9,0,1.0
TX-F,2012-02-12 06:00:00,0.81176500080436,99.90256576810653,True,ethane_ppm_roll_std_3,75.96340916455902,9,0,1.0
TX-D,2010-07-21 03:00:00,0.8106817818924734,99.90207367602626,True,oxygen_ppm_roll_std_3,436.0851995690917,9,0,1.0
TX-D,2010-07-10 00:00:00,0.8100243835081128,99.90158158394598,True,oxygen_ppm_roll_std_3,438.1838935857046,9,0,1.0
TX-F,2012-02-13 15:00:00,0.8100034543864041,99.90108949186572,True,ethane_ppm_roll_std_3,70.11940489975946,9,0,1.0
TX-D,2013-11-06 11:00:00,0.8099575259189122,99.90059739978545,True,oxygen_ppm_delta,508.7310892964298,9,0,2.0
TX-D,2010-07-15 13:00:00,0.809408191462337,99.90010530770518,True,carbon_monoxide_ppm_roll_std_3,443.9989315587494,9,0,1.0
TX-D,2010-07-21 23:00:00,0.8092031286294034,99.89961321562491,True,carbon_monoxide_ppm_roll_std_3,447.5012820017621,9,0,1.0
TX-L,2014-12-01 15:55:00,0.8085062038932688,99.89912112354465,True,oxygen_ppm_log1p,126.36847895002622,9,0,1203.0
TX-F,2012-02-18 17:00:00,0.8074766423354696,99.89862903146437,True,acetylene_ppm_roll_std_3,128.20093581367192,9,0,2.0
TX-D,2010-07-14 05:00:00,0.8068654081956704,99.8981369393841,True,oxygen_ppm_roll_std_3,438.49130140972613,9,0,1.0
TX-F,2012-02-12 02:00:00,0.8061388036028526,99.89764484730382,True,ethane_ppm_roll_std_3,74.13985738484936,9,0,1.0
TX-D,2010-08-26 09:00:00,0.8053014193005075,99.89715275522356,True,carbon_monoxide_ppm_roll_std_3,433.366796285318,9,0,4.0
TX-D,2013-10-31 17:00:00,0.8049990787571006,99.8966606631433,True,oxygen_ppm_delta,500.32746424482474,9,0,6.666666666666667
TX-D,2010-07-16 01:00:00,0.804884590050554,99.89616857106301,True,oxygen_ppm_roll_std_3,437.30327418005646,9,0,1.0
TX-C,2014-10-02 13:37:00,0.8041862727593484,99.89567647898274,True,oxygen_ppm_roll_std_3,965.4325603017111,9,0,579.6166666666667
TX-F,2012-03-03 02:00:00,0.8041794679916262,99.89518438690249,True,acetylene_ppm_roll_std_3,133.52047671880354,9,0,3.0
TX-F,2012-03-01 02:00:00,0.8039890184648673,99.8946922948222,True,acetylene_ppm_roll_std_3,119.15771627494819,9,0,3.0
TX-F,2012-02-17 08:00:00,0.8039306104604683,99.89420020274193,True,ethane_ppm_roll_std_3,68.07113872019744,9,0,3.0
TX-D,2014-01-13 19:00:00,0.8029566913309316,99.89370811066168,True,oxygen_ppm_delta,606.8684759320512,9,0,4.55
TX-C,2013-10-09 18:00:00,0.8028001096691542,99.8932160185814,True,oxygen_ppm_roll_std_3,618.1763894782281,9,0,6.316666666666666
TX-F,2012-02-17 20:00:00,0.801958130911776,99.89272392650112,True,ethane_ppm_roll_std_3,66.77690228367047,9,0,3.0
TX-K,2013-06-17 06:00:00,0.8012679148298375,99.89223183442085,True,oxygen_ppm_log1p,62.102045652113944,9,0,1.0
TX-F,2012-02-29 14:00:00,0.8007285060063615,99.89173974234059,True,acetylene_ppm_roll_std_3,55.85517950388196,9,0,3.0
TX-F,2012-02-19 14:00:00,0.8003939934040049,99.89124765026031,True,ethane_ppm_roll_std_3,58.895182024813714,9,0,3.0
TX-D,2010-07-21 13:00:00,0.800346455328695,99.89075555818005,True,carbon_monoxide_ppm_roll_std_3,437.24439856151054,9,0,1.0
TX-F,2012-02-17 14:00:00,0.7996053143877337,99.89026346609977,True,ethane_ppm_roll_std_3,71.21995165051153,9,0,3.0
TX-D,2013-10-09 13:42:00,0.7985660422762999,99.8897713740195,True,carbon_dioxide_ppm_roll_std_3,354.797348559958,9,0,1.8333333333333333
TX-F,2012-02-17 09:00:00,0.7985401847577831,99.88927928193924,True,ethane_ppm_roll_std_3,68.36144926046425,9,0,1.0
TX-D,2012-01-12 11:00:00,0.7980956914147742,99.88878718985896,True,carbon_dioxide_ppm_roll_std_3,417.08204522448455,9,0,4.0
TX-F,2012-02-25 09:00:00,0.7976490039129092,99.8882950977787,True,acetylene_ppm_roll_std_3,159.05427306343532,9,0,1.0
TX-D,2010-07-25 17:00:00,0.7967312848790964,99.88780300569843,True,oxygen_ppm_roll_std_3,434.06740234826947,9,0,1.0
TX-F,2012-02-25 02:00:00,0.7965058685689023,99.88731091361815,True,acetylene_ppm_roll_std_3,78.19725130543476,9,0,3.0
TX-F,2012-02-17 15:00:00,0.7965021036402024,99.88681882153789,True,ethane_ppm_roll_std_3,70.48403004440398,9,0,1.0
TX-D,2011-11-05 05:00:00,0.7962166394866007,99.88632672945762,True,carbon_dioxide_ppm_roll_std_3,428.0376596215023,9,0,4.0
TX-F,2012-02-15 23:00:00,0.7959075972635757,99.88583463737734,True,ethane_ppm_roll_std_3,70.86970884726098,9,0,2.0
TX-F,2012-02-16 15:00:00,0.795776860014005,99.88534254529708,True,ethane_ppm_roll_std_3,69.32091705818678,9,0,1.0
TX-F,2012-02-24 14:00:00,0.7937998304389503,99.88485045321681,True,ethane_ppm_roll_std_3,54.240243328996094,9,0,3.0
TX-D,2010-07-30 03:00:00,0.792120226807931,99.88435836113653,True,oxygen_ppm_roll_std_3,431.09733427409503,9,0,1.0
TX-F,2012-02-10 22:00:00,0.791056366887147,99.88386626905627,True,ethane_ppm_roll_std_3,83.64906207770103,9,0,1.0
TX-F,2012-02-17 21:00:00,0.7897866556417756,99.88337417697599,True,ethane_ppm_roll_std_3,69.81140159789285,9,0,1.0
TX-D,2013-10-24 10:00:00,0.7892549725553704,99.88288208489573,True,oxygen_ppm_delta,496.4109348197071,9,0,0.85
TX-F,2012-02-18 02:00:00,0.7892176299523412,99.88238999281546,True,ethane_ppm_roll_std_3,65.01645240615923,9,0,3.0
TX-H,2012-09-14 10:22:00,0.7889785973424903,99.88189790073518,True,oxygen_ppm_log1p,73.38968034812319,9,0,1.3666666666666667
TX-F,2012-02-23 23:00:00,0.7889319859415219,99.8814058086549,True,acetylene_ppm_roll_std_3,127.1370276326456,9,0,2.0
TX-F,2012-02-10 19:00:00,0.7880973589445484,99.88091371657465,True,ethane_ppm_roll_std_3,88.3407353742977,9,0,1.0
TX-L,2012-03-06 04:55:00,0.7878125876185462,99.88042162449437,True,oxygen_ppm_log1p,126.36847895002622,9,0,4.0
TX-F,2012-08-27 17:00:00,0.7874133736944107,99.8799295324141,True,carbon_dioxide_ppm_log1p,16.935530328390275,9,0,4.0
TX-F,2012-02-25 21:00:00,0.7858355244754629,99.87943744033385,True,acetylene_ppm_roll_std_3,139.90392580496146,9,0,1.0
TX-C,2014-01-13 17:00:00,0.7855426010000388,99.87894534825357,True,oxygen_ppm_roll_std_3,744.0715503818387,9,0,6.5
TX-F,2012-02-24 20:00:00,0.7848909303833476,99.87845325617329,True,acetylene_ppm_roll_std_3,61.174720409013574,9,0,3.0
TX-F,2012-02-20 14:00:00,0.7847055836236171,99.87796116409302,True,ethane_ppm_roll_std_3,64.586173462516,9,0,3.0
TX-F,2012-02-15 15:00:00,0.7842001397629388,99.87746907201276,True,ethane_ppm_roll_std_3,72.50446489656157,9,0,1.0
TX-F,2012-09-03 05:00:00,0.7841944782690705,99.87697697993248,True,carbon_dioxide_ppm_log1p,16.935530328390275,9,0,3.0
TX-F,2012-02-24 08:00:00,0.7841852386191671,99.87648488785221,True,acetylene_ppm_roll_std_3,59.578858137474086,9,0,3.0
TX-D,2010-07-31 07:00:00,0.7838622838646659,99.87599279577194,True,oxygen_ppm_roll_std_3,434.27542268031334,9,0,1.0
TX-D,2010-08-02 03:00:00,0.7836141988635815,99.87550070369167,True,oxygen_ppm_roll_std_3,432.167483315607,9,0,1.0
TX-D,2010-08-03 14:00:00,0.7823579768519068,99.8750086116114,True,oxygen_ppm_roll_std_3,433.128999517053,9,0,1.0
TX-F,2012-08-30 05:00:00,0.7818186468543188,99.87451651953113,True,carbon_dioxide_ppm_log1p,16.935530328390275,9,0,4.0
TX-F,2012-02-23 14:00:00,0.7815900777062026,99.87402442745086,True,ethane_ppm_roll_std_3,60.03981990372334,9,0,3.0
TX-F,2011-06-17 16:00:00,0.7815085751908213,99.8735323353706,True,carbon_dioxide_ppm_log1p,16.935530328390275,9,0,1.0
TX-F,2012-02-24 03:00:00,0.7813061069453313,99.87304024329032,True,acetylene_ppm_roll_std_3,127.1370276326456,9,0,1.0
TX-D,2013-10-09 18:00:00,0.7807275076940263,99.87254815121005,True,oxygen_ppm_delta,467.7725869838054,9,0,4.233333333333333
TX-K,2013-07-19 13:00:00,0.7794562118453091,99.87205605912979,True,oxygen_ppm_log1p,62.102045652113944,9,0,2.0
TX-C,2013-10-24 10:00:00,0.7782786999788788,99.87156396704951,True,oxygen_ppm_roll_std_3,652.0169661551955,9,0,1.0
TX-F,2012-09-11 05:00:00,0.7769005382242172,99.87107187496925,True,carbon_dioxide_ppm_log1p,16.935530328390275,9,0,3.0
TX-D,2010-08-01 07:00:00,0.7768112767343153,99.87057978288898,True,oxygen_ppm_roll_std_3,433.718390457842,9,0,1.0
TX-F,2012-02-25 23:00:00,0.775914156922024,99.8700876908087,True,acetylene_ppm_roll_std_3,168.62944669267222,9,0,2.0
TX-F,2012-02-18 09:00:00,0.7758707957420866,99.86959559872844,True,ethane_ppm_roll_std_3,62.712728468127544,9,0,1.0
TX-F,2012-02-25 05:00:00,0.7755731146373499,99.86910350664816,True,acetylene_ppm_roll_std_3,159.05427306343532,9,0,2.0
TX-F,2012-09-02 11:00:00,0.7754790615943693,99.8686114145679,True,carbon_dioxide_ppm_log1p,16.935530328390275,9,0,3.0
TX-C,2013-09-05 18:00:00,0.7751912991236694,99.86811932248763,True,oxygen_ppm_roll_std_3,610.5292321346413,9,0,4.1
TX-J,2014-09-22 22:00:00,0.7750877785312161,99.86762723040735,True,acetylene_ppm_roll_std_3,254.70089463807759,8,1,1.0
TX-F,2012-09-04 11:00:00,0.7748764912377021,99.86713513832709,True,carbon_dioxide_ppm_log1p,16.935530328390275,9,0,3.0
TX-F,2014-06-12 14:00:00,0.7733143087874117,99.86664304624682,True,carbon_dioxide_ppm_log1p,16.935530328390275,9,0,4.0
TX-J,2014-09-23 14:00:00,0.7731415837826556,99.86615095416654,True,acetylene_ppm_delta,252.25954404424658,8,1,1.0
TX-F,2012-03-04 14:00:00,0.7728586187546295,99.86565886208626,True,acetylene_ppm_roll_std_3,127.6689817231588,9,0,3.0
TX-K,2013-08-29 04:00:00,0.7727038034214421,99.86516677000601,True,oxygen_ppm_log1p,62.102045652113944,9,0,1.0
TX-F,2012-02-16 21:00:00,0.7723018407189632,99.86467467792573,True,ethane_ppm_roll_std_3,66.65223917407269,9,0,1.0
TX-F,2012-02-18 14:00:00,0.7719673660428606,99.86418258584547,True,ethane_ppm_roll_std_3,61.19244032112007,9,0,3.0
TX-F,2012-02-19 02:00:00,0.7716525861674148,99.86369049376519,True,ethane_ppm_roll_std_3,63.16612396773788,9,0,3.0
TX-F,2012-09-15 13:00:00,0.7715955867891604,99.86319840168493,True,carbon_dioxide_ppm_log1p,16.935530328390275,9,0,2.0
TX-F,2012-02-26 03:00:00,0.770993517097081,99.86270630960465,True,acetylene_ppm_roll_std_3,168.62944669267222,9,0,1.0
TX-D,2013-03-28 15:00:00,0.7691784459417466,99.86221421752438,True,oxygen_ppm_delta,513.3771283647275,9,0,1302.0
TX-J,2015-01-06 19:25:00,0.7687438909193359,99.8617221254441,True,carbon_dioxide_ppm_log1p,9.257603450739536,8,1,12.416666666666666
TX-F,2012-02-19 20:00:00,0.768475811986889,99.86123003336385,True,ethane_ppm_roll_std_3,58.57243369766823,9,0,3.0
TX-F,2012-02-18 03:00:00,0.7676868007144162,99.86073794128357,True,ethane_ppm_roll_std_3,63.738581141737875,9,0,1.0
TX-F,2012-09-18 17:00:00,0.7668229380251446,99.8602458492033,True,carbon_dioxide_ppm_log1p,16.935530328390275,9,0,3.0
TX-F,2012-02-23 20:00:00,0.766754127434437,99.85975375712303,True,ethane_ppm_roll_std_3,54.17940965822519,9,0,3.0
TX-D,2014-04-15 20:00:00,0.7650781230109143,99.85926166504277,True,oxygen_ppm_delta,424.36880095102435,9,0,5.45
TX-F,2012-09-09 19:00:00,0.7626069833151483,99.85876957296249,True,carbon_dioxide_ppm_log1p,16.935530328390275,9,0,2.0
TX-F,2012-02-25 14:00:00,0.7616721482442953,99.85827748088222,True,ethane_ppm_roll_std_3,53.72091382236678,9,0,3.0
TX-F,2012-02-21 14:00:00,0.7612075002186456,99.85778538880196,True,ethane_ppm_roll_std_3,68.220912902042,9,0,3.0
TX-D,2013-05-08 13:20:00,0.7606815314494977,99.85729329672168,True,oxygen_ppm_delta,333.98703918116655,9,0,5.333333333333333
TX-D,2012-03-14 09:08:00,0.7605844373222002,99.85680120464141,True,oxygen_ppm_delta,635.3682576904772,9,0,46.13333333333333
TX-F,2012-02-25 17:00:00,0.760115557635664,99.85630911256115,True,acetylene_ppm_roll_std_3,139.90392580496146,9,0,2.0
TX-J,2014-09-22 14:00:00,0.7597184224448248,99.85581702048087,True,acetylene_ppm_delta,251.58505328476997,8,1,1.0
TX-K,2013-07-12 13:00:00,0.7594735943651963,99.8553249284006,True,oxygen_ppm_log1p,62.102045652113944,9,0,2.0
TX-J,2014-09-25 15:00:00,0.7591602913593979,99.85483283632033,True,acetylene_ppm_roll_std_3,242.49691938613708,8,1,1.0
TX-K,2011-01-10 10:57:00,0.7589970294984937,99.85434074424006,True,water_ppm_roll_std_3,372.29013486729747,9,0,0.95
TX-F,2012-02-12 03:00:00,0.7586505127979357,99.8538486521598,True,ethane_ppm_roll_std_3,73.27402318867392,9,0,1.0
TX-F,2012-02-20 02:00:00,0.7583330191119396,99.85335656007952,True,ethane_ppm_roll_std_3,59.4357315894069,9,0,3.0
TX-J,2014-09-22 06:00:00,0.7581158040940462,99.85286446799925,True,acetylene_ppm_delta,255.6319978416296,8,1,1.0
TX-F,2012-02-22 08:00:00,0.7580434524903803,99.85237237591899,True,ethane_ppm_roll_std_3,58.96692982154813,9,0,3.0
TX-J,2014-09-27 23:00:00,0.7577250280316103,99.85188028383871,True,acetylene_ppm_delta,235.3972750573317,8,1,1.0
TX-L,2012-07-29 16:55:00,0.7576635550419046,99.85138819175845,True,oxygen_ppm_log1p,126.36847895002622,9,0,1.0
TX-J,2014-09-25 23:00:00,0.757535969500269,99.85089609967818,True,acetylene_ppm_delta,244.84014569000402,8,1,1.0
TX-J,2014-09-27 15:00:00,0.7571454729519971,99.8504040075979,True,acetylene_ppm_delta,241.4676918926211,8,1,1.0
TX-J,2014-09-26 23:00:00,0.7569491728117477,99.84991191551764,True,acetylene_ppm_roll_std_3,238.99981700902447,8,1,1.0
TX-J,2014-09-26 15:00:00,0.7564876669136482,99.84941982343736,True,acetylene_ppm_delta,242.14218265209766,8,1,1.0
TX-F,2012-09-10 13:00:00,0.7564872555271565,99.8489277313571,True,carbon_dioxide_ppm_log1p,16.935530328390275,9,0,2.0
TX-J,2014-09-26 07:00:00,0.756469361628058,99.84843563927683,True,acetylene_ppm_delta,242.14218265209766,8,1,1.0
TX-J,2014-10-26 14:00:00,0.7560156357134586,99.84794354719655,True,water_ppm_roll_std_3,39.966718847066964,8,1,1.05
TX-J,2014-09-23 06:00:00,0.7559626879103578,99.84745145511627,True,acetylene_ppm_roll_std_3,251.60933378816287,8,1,1.0
TX-C,2015-02-13 10:49:00,0.7557772832145906,99.84695936303602,True,oxygen_ppm_roll_std_3,684.3758211027787,9,0,3.816666666666667
TX-J,2014-09-25 07:00:00,0.7551017349189756,99.84646727095574,True,acetylene_ppm_roll_std_3,241.82247714286459,8,1,1.0
TX-F,2011-06-28 14:00:00,0.7547271441566284,99.84597517887546,True,carbon_dioxide_ppm_log1p,16.935530328390275,9,0,4.0
TX-F,2012-02-19 08:00:00,0.7546387088868468,99.84548308679521,True,ethane_ppm_roll_std_3,54.53809866910238,9,0,3.0
TX-F,2012-09-09 08:00:00,0.7542924745929979,99.84499099471493,True,carbon_dioxide_ppm_log1p,16.935530328390275,9,0,1.0
TX-F,2012-02-11 04:00:00,0.7541698868246299,99.84449890263465,True,ethane_ppm_roll_std_3,84.76534019895986,9,0,1.0
TX-F,2012-09-13 07:00:00,0.7541214443244463,99.84400681055439,True,carbon_dioxide_ppm_log1p,16.935530328390275,9,0,2.0
TX-K,2012-08-18 14:00:00,0.7538543741566386,99.84351471847413,True,oxygen_ppm_log1p,62.102045652113944,9,0,1.0
TX-F,2012-02-26 05:00:00,0.7531608126868086,99.84302262639385,True,acetylene_ppm_roll_std_3,146.2873748911194,9,0,2.0
TX-J,2014-09-21 22:00:00,0.7530544933279649,99.84253053431358,True,acetylene_ppm_delta,259.67894239848914,8,1,1.0
TX-K,2012-08-19 14:00:00,0.7529533788212993,99.8420384422333,True,oxygen_ppm_log1p,62.102045652113944,9,0,1.0
TX-J,2014-09-27 07:00:00,0.7525883608770354,99.84154635015304,True,acetylene_ppm_delta,239.44421961419127,8,1,1.0
TX-J,2014-09-26 22:00:00,0.7523555224179085,99.84105425807277,True,acetylene_ppm_delta,246.18912720895725,9,0,2.0
TX-C,2014-07-18 18:00:00,0.7521351075428482,99.8405621659925,True,oxygen_ppm_roll_std_3,921.7870240863973,9,0,3.933333333333333
TX-F,2012-09-17 08:00:00,0.7520589539088731,99.84007007391223,True,carbon_dioxide_ppm_log1p,16.935530328390275,9,0,1.0
TX-J,2014-09-24 22:00:00,0.7520062100543531,99.83957798183197,True,acetylene_ppm_delta,246.86361796843383,9,0,2.0
TX-F,2012-09-18 08:00:00,0.7516393290322535,99.83908588975169,True,carbon_dioxide_ppm_log1p,16.935530328390275,9,0,1.0
TX-J,2014-09-24 06:00:00,0.7511519079659439,99.83859379767142,True,acetylene_ppm_roll_std_3,248.2235369371428,8,1,1.0
TX-F,2012-02-21 20:00:00,0.7510832828164414,99.83810170559116,True,ethane_ppm_roll_std_3,57.01182141923742,9,0,3.0
TX-F,2012-02-23 21:00:00,0.750908921972873,99.83760961351088,True,ethane_ppm_roll_std_3,51.937950399920226,9,0,1.0
TX-F,2012-02-26 09:00:00,0.7506890555802955,99.83711752143061,True,acetylene_ppm_roll_std_3,146.2873748911194,9,0,1.0
TX-J,2014-09-23 22:00:00,0.7501405127964896,99.83662542935035,True,acetylene_ppm_roll_std_3,247.90889384875288,8,1,1.0
TX-F,2011-06-11 04:00:00,0.7501138119967893,99.83613333727007,True,carbon_dioxide_ppm_log1p,16.935530328390275,9,0,1.0
TX-F,2012-02-20 20:00:00,0.7494818804081423,99.8356412451898,True,ethane_ppm_roll_std_3,57.58516382701283,9,0,3.0
TX-J,2014-09-24 23:00:00,0.7488663156954689,99.83514915310953,True,acetylene_ppm_delta,245.51463644948063,8,1,1.0
TX-F,2011-06-22 04:00:00,0.7488188348562154,99.83465706102926,True,carbon_dioxide_ppm_log1p,16.935530328390275,9,0,1.0
TX-F,2012-02-21 02:00:00,0.7485808242283033,99.834164968949,True,ethane_ppm_roll_std_3,68.9799123339542,9,0,3.0
TX-F,2012-09-07 20:00:00,0.7482490004503025,99.83367287686872,True,carbon_dioxide_ppm_log1p,16.935530328390275,9,0,1.0
TX-K,2012-09-21 01:00:00,0.7480302147439442,99.83318078478844,True,oxygen_ppm_log1p,62.102045652113944,9,0,1.0
TX-F,2012-09-17 02:00:00,0.7475712506209848,99.83268869270819,True,carbon_dioxide_ppm_log1p,16.935530328390275,9,0,1.0
TX-F,2012-09-17 20:00:00,0.7475273649543343,99.83219660062791,True,ethane_ppm_roll_std_3,17.946814758876783,9,0,1.0
TX-F,2012-02-23 08:00:00,0.7474710976366563,99.83170450854763,True,ethane_ppm_roll_std_3,59.390512453446085,9,0,3.0
TX-F,2012-09-12 08:00:00,0.746598739861273,99.83121241646738,True,carbon_dioxide_ppm_log1p,16.935530328390275,9,0,1.0
TX-J,2014-09-28 07:00:00,0.7465434752393847,99.8307203243871,True,acetylene_ppm_delta,233.37380277890193,8,1,1.0
TX-F,2012-09-12 20:00:00,0.7465403730220951,99.83022823230682,True,carbon_dioxide_ppm_log1p,16.935530328390275,9,0,1.0
TX-H,2011-04-05 14:00:00,0.7463369318759316,99.82973614022656,True,oxygen_ppm_log1p,73.38968034812319,9,0,1.0
TX-J,2014-09-26 14:00:00,0.746117927865783,99.8292440481463,True,acetylene_ppm_delta,242.14218265209766,9,0,2.0
TX-J,2014-09-22 21:00:00,0.7454877362635678,99.82875195606601,True,acetylene_ppm_delta,259.67894239848914,9,0,1.0
TX-C,2014-04-15 18:00:00,0.7453674043674268,99.82825986398575,True,oxygen_ppm_roll_std_3,883.1505698655831,9,0,3.8
TX-F,2012-02-21 08:00:00,0.7451664240217016,99.82776777190547,True,ethane_ppm_roll_std_3,65.09481960909325,9,0,3.0
TX-J,2014-09-27 22:00:00,0.7445115581728324,99.8272756798252,True,acetylene_ppm_delta,237.42074733576152,9,0,2.0
TX-K,2012-07-26 06:00:00,0.7436313717467782,99.82678358774494,True,oxygen_ppm_log1p,62.102045652113944,9,0,1.0
TX-C,2014-08-20 18:00:00,0.7429480218916976,99.82629149566466,True,oxygen_ppm_roll_std_3,968.0257640324785,9,0,5.75
TX-F,2012-02-16 23:00:00,0.7427659077965449,99.8257994035844,True,ethane_ppm_roll_std_3,68.37783960237971,9,0,2.0
TX-J,2014-09-25 22:00:00,0.7411874102771491,99.82530731150413,True,acetylene_ppm_delta,243.49116417105085,9,0,2.0
TX-F,2012-09-13 02:00:00,0.7410107160018666,99.82481521942385,True,carbon_dioxide_ppm_log1p,16.935530328390275,9,0,1.0
TX-F,2012-02-11 07:00:00,0.7408979876753204,99.82432312734359,True,ethane_ppm_roll_std_3,78.50091755631946,9,0,1.0
TX-F,2012-09-10 20:00:00,0.7406571443633024,99.82383103526332,True,carbon_dioxide_ppm_log1p,16.935530328390275,9,0,1.0
TX-J,2014-09-27 06:00:00,0.7405301016265353,99.82333894318305,True,acetylene_ppm_delta,241.46769189262105,9,0,2.0
TX-J,2014-09-22 13:00:00,0.7404253265604126,99.82284685110278,True,acetylene_ppm_delta,245.51463644948063,9,0,1.0
TX-J,2014-09-27 14:00:00,0.740328020632724,99.82235475902252,True,acetylene_ppm_delta,241.4676918926211,9,0,2.0
TX-J,2014-09-23 13:00:00,0.7402292143976213,99.82186266694224,True,acetylene_ppm_delta,252.9340348037232,9,0,1.0
TX-F,2012-09-12 13:00:00,0.7400206135721993,99.82137057486197,True,carbon_dioxide_ppm_log1p,16.935530328390275,9,0,2.0
TX-F,2011-06-20 14:00:00,0.7400205804175822,99.8208784827817,True,carbon_dioxide_ppm_log1p,16.935530328390275,9,0,4.0
TX-F,2012-02-23 02:00:00,0.739624036850563,99.82038639070143,True,ethane_ppm_roll_std_3,55.88111907320342,9,0,3.0
TX-K,2012-08-10 17:00:00,0.7390565917096041,99.81989429862116,True,oxygen_ppm_log1p,62.102045652113944,9,0,1.0
TX-J,2010-11-01 09:00:00,0.7389069383132263,99.81940220654089,True,acetylene_ppm_delta,313.6382031566167,9,0,2.0
TX-F,2012-02-22 02:00:00,0.7386669042783772,99.8189101144606,True,ethane_ppm_roll_std_3,61.66950642573866,9,0,3.0
TX-D,2011-11-06 01:00:00,0.7385941303520012,99.81841802238036,True,carbon_dioxide_ppm_roll_std_3,428.4434231176881,9,0,4.0
TX-J,2014-09-25 06:00:00,0.7385793891077959,99.81792593030008,True,acetylene_ppm_delta,244.84014569000402,9,0,2.0
TX-F,2012-09-17 14:00:00,0.7385657685591684,99.8174338382198,True,carbon_dioxide_ppm_log1p,16.935530328390275,9,0,1.0
TX-J,2014-09-21 21:00:00,0.7385142768750652,99.81694174613955,True,acetylene_ppm_delta,251.58505328476997,9,0,1.0
TX-K,2012-08-17 19:00:00,0.7379359866435702,99.81644965405927,True,oxygen_ppm_log1p,62.102045652113944,9,0,1.0
TX-K,2012-08-17 16:00:00,0.7376168102636063,99.81595756197899,True,oxygen_ppm_log1p,62.102045652113944,9,0,1.0
TX-F,2012-02-18 15:00:00,0.7375339762488965,99.81546546989873,True,ethane_ppm_roll_std_3,59.66603532050273,9,0,1.0
TX-J,2014-09-23 05:00:00,0.7372622090966242,99.81497337781846,True,acetylene_ppm_delta,254.95750708215294,9,0,1.0
TX-F,2012-02-28 08:00:00,0.7370595946849886,99.81448128573818,True,ethane_ppm_roll_std_3,50.281089094454664,9,0,3.0
TX-F,2012-02-24 09:00:00,0.7369483309087562,99.81398919365792,True,acetylene_ppm_roll_std_3,59.578858137474086,9,0,1.0
TX-J,2014-09-23 21:00:00,0.7368987989218367,99.81349710157764,True,acetylene_ppm_delta,251.58505328476997,9,0,1.0
TX-E,2011-12-08 16:00:00,0.7368524626563662,99.81275896345724,True,carbon_dioxide_ppm_log1p,23.028388482814933,9,0,2.0
TX-G,2011-12-08 16:00:00,0.7368524626563662,99.81275896345724,True,carbon_dioxide_ppm_log1p,23.028388482814933,9,0,2.0
TX-F,2012-03-01 14:00:00,0.7367859755735442,99.81202082533683,True,ethane_ppm_roll_std_3,47.70996847783099,9,0,3.0
TX-J,2014-09-22 05:00:00,0.736518436327515,99.81152873325657,True,acetylene_ppm_delta,242.81667341157424,9,0,1.0
TX-J,2014-09-28 06:00:00,0.7362168257889132,99.8110366411763,True,acetylene_ppm_delta,235.39727505733174,9,0,2.0
TX-K,2012-06-28 01:00:00,0.7358762968240333,99.81054454909602,True,oxygen_ppm_log1p,62.102045652113944,9,0,1.0
TX-F,2011-07-01 02:00:00,0.7355977160564258,99.81005245701576,True,carbon_dioxide_ppm_log1p,16.935530328390275,9,0,4.0
TX-D,2015-02-13 11:38:00,0.7349137461708343,99.80956036493549,True,carbon_dioxide_ppm_roll_std_3,533.3332868817281,9,0,0.6333333333333333
TX-F,2011-06-04 08:00:00,0.734756170330137,99.80906827285521,True,carbon_dioxide_ppm_log1p,16.935530328390275,9,0,4.0
TX-K,2012-07-24 12:00:00,0.7347545392885173,99.80857618077495,True,oxygen_ppm_log1p,62.102045652113944,9,0,1.0
TX-F,2011-06-20 02:00:00,0.7340918011972232,99.80808408869468,True,carbon_dioxide_ppm_log1p,16.935530328390275,9,0,4.0
TX-F,2012-02-15 05:00:00,0.7340573172355087,99.8075919966144,True,ethane_ppm_roll_std_3,66.92859946088548,9,0,2.0
TX-F,2012-09-18 02:00:00,0.7326066353902757,99.80709990453414,True,carbon_dioxide_ppm_log1p,16.935530328390275,9,0,1.0
TX-J,2014-09-25 14:00:00,0.7311605778509946,99.80660781245386,True,acetylene_ppm_delta,245.51463644948063,9,0,2.0
TX-J,2014-09-26 06:00:00,0.7307813091158446,99.8061157203736,True,acetylene_ppm_delta,243.49116417105085,9,0,2.0
TX-L,2011-09-23 15:21:00,0.7303748370687926,99.80562362829333,True,carbon_dioxide_ppm_log1p,46.542240612092215,9,0,487.4333333333333
TX-D,2014-10-23 20:00:00,0.7302050158521334,99.80513153621305,True,carbon_dioxide_ppm_roll_std_3,511.21917633959964,9,0,5.75
TX-K,2012-07-07 18:00:00,0.7301186577877903,99.80463944413277,True,oxygen_ppm_log1p,62.102045652113944,9,0,1.0
TX-F,2012-02-25 03:00:00,0.7300213954644058,99.80414735205252,True,acetylene_ppm_roll_std_3,78.19725130543476,9,0,1.0
TX-F,2012-03-02 23:00:00,0.7297013860203071,99.80365525997225,True,acetylene_ppm_roll_std_3,133.52047671880354,9,0,2.0
TX-F,2012-02-16 05:00:00,0.7295697694094933,99.80316316789197,True,ethane_ppm_roll_std_3,67.30095173474515,9,0,2.0
TX-F,2012-02-20 08:00:00,0.7293987002504168,99.80267107581172,True,ethane_ppm_roll_std_3,59.86125566326015,9,0,3.0
TX-E,2014-09-09 14:29:00,0.72928052782532,99.80193293769129,True,ethane_ppm_roll_std_3,8.800101208319232,9,0,891.4833333333333
TX-G,2014-09-09 14:29:00,0.72928052782532,99.80193293769129,True,ethane_ppm_roll_std_3,8.800101208319232,9,0,891.4833333333333
TX-F,2011-05-29 02:00:00,0.7291055471362595,99.8011947995709,True,carbon_dioxide_ppm_log1p,16.935530328390275,9,0,4.0
TX-F,2012-02-23 15:00:00,0.7288487790877481,99.80070270749063,True,ethane_ppm_roll_std_3,62.198550550703494,9,0,1.0
TX-F,2012-02-29 23:00:00,0.728373275852569,99.80021061541035,True,acetylene_ppm_roll_std_3,119.15771627494819,9,0,2.0
TX-K,2012-08-03 15:00:00,0.7280036414431038,99.79971852333009,True,oxygen_ppm_log1p,62.102045652113944,9,0,1.0
TX-J,2014-09-24 05:00:00,0.7272751165879711,99.7992264312498,True,acetylene_ppm_delta,250.91056252529341,9,0,1.0
TX-K,2012-08-28 21:00:00,0.7270702773606225,99.79873433916954,True,oxygen_ppm_log1p,62.102045652113944,9,0,1.0
TX-F,2012-02-24 15:00:00,0.7266581831899072,99.79824224708928,True,ethane_ppm_roll_std_3,53.974248171868545,9,0,1.0
TX-F,2011-06-21 02:00:00,0.7257594233682236,99.797750155009,True,carbon_dioxide_ppm_log1p,16.935530328390275,9,0,4.0
TX-E,2011-08-11 06:00:00,0.7243258314831039,99.7970120168886,True,methane_ppm_delta,10.099611635320604,9,0,2.0
TX-G,2011-08-11 06:00:00,0.7243258314831039,99.7970120168886,True,methane_ppm_delta,10.099611635320604,9,0,2.0
TX-F,2012-02-20 15:00:00,0.7242339458509166,99.79627387876819,True,ethane_ppm_roll_std_3,67.10527805102633,9,0,1.0
TX-F,2012-02-19 15:00:00,0.7233146982631887,99.79578178668793,True,ethane_ppm_roll_std_3,58.359831583697556,9,0,1.0
TX-K,2012-08-31 18:00:00,0.7231764300843994,99.79528969460766,True,oxygen_ppm_log1p,62.102045652113944,9,0,1.0
TX-F,2012-02-24 21:00:00,0.722720567247649,99.79479760252738,True,acetylene_ppm_roll_std_3,61.174720409013574,9,0,1.0
TX-D,2014-08-20 12:09:00,0.7212342783831984,99.79430551044712,True,carbon_dioxide_ppm_roll_std_3,474.70046168287394,9,0,0.1
TX-K,2012-08-19 09:00:00,0.7212032164027933,99.79381341836685,True,oxygen_ppm_log1p,62.102045652113944,9,0,1.0
TX-F,2012-03-02 02:00:00,0.7208687839651499,99.79332132628657,True,ethane_ppm_roll_std_3,44.154847406256735,9,0,3.0
TX-F,2012-02-22 14:00:00,0.7205896365446766,99.79282923420631,True,ethane_ppm_roll_std_3,61.784250214179245,9,0,3.0
TX-F,2012-02-22 20:00:00,0.7205738861172072,99.79233714212603,True,ethane_ppm_roll_std_3,56.89560600100331,9,0,3.0
TX-K,2012-07-25 14:00:00,0.7203057386592604,99.79184505004577,True,oxygen_ppm_log1p,62.102045652113944,9,0,1.0
TX-K,2012-07-31 11:00:00,0.7202977575549595,99.7913529579655,True,oxygen_ppm_log1p,62.102045652113944,9,0,1.0
TX-F,2012-02-21 15:00:00,0.720214812842213,99.79086086588522,True,ethane_ppm_roll_std_3,68.16399725056567,9,0,1.0
TX-F,2012-02-19 03:00:00,0.7199532871098928,99.79036877380494,True,ethane_ppm_roll_std_3,63.01492621091685,9,0,1.0
TX-F,2012-02-11 13:00:00,0.7188160012847942,99.78987668172469,True,ethane_ppm_roll_std_3,84.66270677975297,9,0,1.0
TX-F,2012-02-28 02:00:00,0.7187237837050062,99.78938458964441,True,ethane_ppm_roll_std_3,52.65755577643508,9,0,3.0
TX-F,2011-06-21 20:00:00,0.7186253340020904,99.78889249756413,True,carbon_dioxide_ppm_log1p,16.935530328390275,9,0,4.0
TX-K,2012-10-28 23:00:00,0.7169844187195374,99.78840040548388,True,oxygen_ppm_log1p,62.102045652113944,9,0,1.0
TX-D,2012-02-01 11:27:00,0.7163445051028892,99.7879083134036,True,oxygen_ppm_roll_std_3,489.8553231400247,9,0,0.9833333333333332
TX-F,2012-02-22 09:00:00,0.7157101909364785,99.78741622132333,True,ethane_ppm_roll_std_3,56.22129000367147,9,0,1.0
TX-F,2012-02-19 21:00:00,0.715374347559023,99.78692412924306,True,ethane_ppm_roll_std_3,60.170320355574646,9,0,1.0
TX-D,2014-11-13 11:00:00,0.715029287802942,99.7864320371628,True,carbon_dioxide_ppm_roll_std_3,535.7720051595273,9,0,2.6666666666666665
TX-F,2012-02-27 14:00:00,0.7143432378129755,99.78593994508252,True,ethane_ppm_roll_std_3,55.04871375145259,9,0,3.0
TX-F,2011-06-02 14:00:00,0.7134515264799536,99.78544785300225,True,carbon_dioxide_ppm_log1p,16.935530328390275,9,0,4.0
TX-F,2012-03-01 03:00:00,0.7128362651966389,99.78495576092197,True,acetylene_ppm_roll_std_3,119.15771627494819,9,0,1.0
TX-F,2012-02-29 15:00:00,0.7120867194299482,99.78446366884171,True,acetylene_ppm_roll_std_3,55.85517950388196,9,0,1.0
TX-F,2012-02-17 05:00:00,0.7110939186246747,99.78397157676145,True,ethane_ppm_roll_std_3,64.7971288545746,9,0,2.0
TX-F,2012-02-23 09:00:00,0.7104748059056714,99.78347948468117,True,ethane_ppm_roll_std_3,57.76451499720449,9,0,1.0
TX-F,2012-02-26 20:00:00,0.7095577832392987,99.7829873926009,True,ethane_ppm_roll_std_3,53.22371946590469,9,0,3.0
TX-F,2012-02-21 21:00:00,0.7093263769742536,99.78249530052064,True,ethane_ppm_roll_std_3,56.07306972308484,9,0,1.0
TX-F,2012-02-21 09:00:00,0.7084080123311269,99.78200320844036,True,ethane_ppm_roll_std_3,65.86737695198852,9,0,1.0
TX-F,2012-02-21 03:00:00,0.7079172134015892,99.7815111163601,True,ethane_ppm_roll_std_3,66.17201487011633,9,0,1.0
TX-F,2012-02-11 22:00:00,0.7073763571723289,99.78101902427983,True,ethane_ppm_roll_std_3,78.53423102692643,9,0,1.0
TX-F,2012-02-22 21:00:00,0.7073199679619278,99.78052693219955,True,ethane_ppm_roll_std_3,57.690081706687415,9,0,1.0
TX-F,2012-02-11 01:00:00,0.7066421702128414,99.78003484011928,True,ethane_ppm_roll_std_3,83.51652480889678,9,0,1.0
TX-F,2012-02-20 21:00:00,0.7057959523527666,99.77954274803902,True,ethane_ppm_roll_std_3,58.716877732243695,9,0,1.0
TX-J,2012-04-10 15:35:00,0.7057730524692324,99.77905065595874,True,carbon_monoxide_ppm_delta,4.044711143748723,8,1,845.5833333333334
TX-F,2012-03-03 03:00:00,0.7049258273092712,99.77855856387848,True,acetylene_ppm_roll_std_3,133.52047671880354,9,0,1.0
TX-F,2012-03-02 08:00:00,0.7043913556024667,99.7780664717982,True,ethane_ppm_roll_std_3,41.5454491841745,9,0,3.0
TX-E,2011-08-11 10:00:00,0.7022608586598896,99.7773283336778,True,methane_ppm_delta,10.188360419462262,9,0,2.0
TX-G,2011-08-11 10:00:00,0.7022608586598896,99.7773283336778,True,methane_ppm_delta,10.188360419462262,9,0,2.0
TX-J,2015-01-07 13:05:00,0.7018322816561713,99.77659019555739,True,oxygen_ppm_roll_std_3,2166.1903075677933,8,1,1.0
TX-F,2012-02-23 03:00:00,0.7014853610954984,99.77609810347712,True,ethane_ppm_roll_std_3,57.32816901205495,9,0,1.0
TX-F,2012-02-20 03:00:00,0.7012205918855198,99.77560601139686,True,ethane_ppm_roll_std_3,60.63585985706755,9,0,1.0
TX-B,2012-03-12 21:00:00,0.6993567404889965,99.77511391931658,True,oxygen_ppm_log1p,67.40873154656228,9,0,2.0
TX-B,2012-03-13 09:00:00,0.6989025151899697,99.7746218272363,True,oxygen_ppm_log1p,67.40873154656228,9,0,2.0
TX-F,2012-02-15 17:00:00,0.6988309549815311,99.77412973515605,True,ethane_ppm_roll_std_3,77.52158885811951,9,0,2.0
TX-K,2011-09-30 21:00:00,0.6960756402060363,99.77363764307577,True,oxygen_ppm_log1p,62.102045652113944,9,0,1.0
TX-F,2012-02-22 03:00:00,0.6952931545418217,99.77314555099551,True,ethane_ppm_roll_std_3,62.78920605457181,9,0,1.0
TX-F,2012-02-22 15:00:00,0.6946617967414059,99.77265345891523,True,ethane_ppm_roll_std_3,61.285336526444006,9,0,1.0
TX-F,2012-03-04 11:00:00,0.6936884925070345,99.77216136683496,True,acetylene_ppm_roll_std_3,127.6689817231588,9,0,2.0
TX-F,2012-02-24 23:00:00,0.693069692105802,99.77166927475469,True,acetylene_ppm_roll_std_3,78.19725130543476,9,0,2.0
TX-C,2015-05-13 11:10:00,0.6927024956837967,99.77117718267442,True,oxygen_ppm_roll_std_3,1029.6206383320803,9,0,0.5166666666666667
TX-F,2012-02-19 09:00:00,0.6924559038545849,99.77068509059414,True,ethane_ppm_roll_std_3,54.95636866256576,9,0,1.0
TX-F,2012-02-24 05:00:00,0.6924217518255147,99.77019299851389,True,acetylene_ppm_roll_std_3,59.578858137474086,9,0,2.0
TX-F,2012-02-11 16:00:00,0.6923167204471247,99.76970090643361,True,ethane_ppm_roll_std_3,78.39317388695014,9,0,1.0
TX-J,2014-01-19 12:28:00,0.6916932394625809,99.76920881435333,True,oxygen_ppm_log1p,139.04001188282777,9,0,1.4666666666666666
TX-F,2011-06-28 03:00:00,0.6910982282017472,99.76871672227307,True,carbon_dioxide_ppm_log1p,16.935530328390275,9,0,1.0
TX-J,2011-06-27 22:00:00,0.6910253297134732,99.7682246301928,True,carbon_dioxide_ppm_log1p,9.257603450739536,8,1,3.0
TX-F,2012-02-12 19:00:00,0.6907896117505592,99.76773253811253,True,ethane_ppm_roll_std_3,81.38513298918829,9,0,1.0
TX-I,2014-08-12 15:01:00,0.690784695512524,99.76724044603226,True,carbon_dioxide_ppm_log1p,16.46252866269543,9,0,25.016666666666666
TX-B,2012-03-12 15:00:00,0.6906428010080117,99.766748353952,True,oxygen_ppm_log1p,67.40873154656228,9,0,2.0
TX-F,2012-02-12 13:00:00,0.6890811747988234,99.76625626187172,True,ethane_ppm_roll_std_3,77.69879360548993,9,0,1.0
TX-F,2012-02-20 09:00:00,0.6887688582821745,99.76576416979145,True,ethane_ppm_roll_std_3,55.90150760087679,9,0,1.0
TX-D,2013-09-05 18:00:00,0.688485087364119,99.76527207771119,True,oxygen_ppm_delta,475.9316836633949,9,0,3.9166666666666665
TX-B,2012-03-13 03:00:00,0.6883038216816489,99.76477998563091,True,oxygen_ppm_log1p,67.40873154656228,9,0,2.0
TX-K,2011-09-29 19:00:00,0.6880514696551084,99.76428789355064,True,oxygen_ppm_log1p,62.102045652113944,9,0,1.0
TX-I,2013-10-23 14:00:00,0.6877877128748957,99.76379580147037,True,ethylene_ppm_roll_std_3,44.03868866834972,9,0,1.2833333333333334
TX-F,2012-02-25 15:00:00,0.6872669106055924,99.7633037093901,True,ethane_ppm_roll_std_3,53.53240636745968,9,0,1.0
TX-F,2012-02-27 20:00:00,0.6869668853369592,99.76281161730984,True,ethane_ppm_roll_std_3,54.411755835155844,9,0,3.0
TX-J,2015-01-07 11:00:00,0.6860854985390527,99.76231952522956,True,carbon_dioxide_ppm_log1p,9.257603450739536,8,1,1.0333333333333334
TX-J,2014-09-22 04:00:00,0.6844176127248556,99.76182743314929,True,acetylene_ppm_delta,243.49116417105085,9,0,1.0
TX-F,2012-02-29 02:00:00,0.6843023463278659,99.76133534106903,True,ethane_ppm_roll_std_3,38.95513999151729,9,0,3.0
TX-F,2012-03-01 08:00:00,0.6842951695043776,99.76084324898875,True,ethane_ppm_roll_std_3,49.59986766844442,9,0,3.0
TX-J,2014-09-22 12:00:00,0.6842255462247392,99.76035115690848,True,acetylene_ppm_delta,244.16565493052747,9,0,1.0
TX-K,2011-08-02 13:00:00,0.6833654027283421,99.75985906482822,True,oxygen_ppm_log1p,62.102045652113944,9,0,1.0
TX-F,2012-03-03 14:00:00,0.6832333026127113,99.75936697274794,True,ethane_ppm_roll_std_3,39.97666649770515,9,0,3.0
TX-F,2012-02-27 08:00:00,0.6826792134333489,99.75887488066768,True,ethane_ppm_roll_std_3,45.21898488994311,9,0,3.0
TX-K,2011-06-26 22:00:00,0.6819769350255929,99.7583827885874,True,oxygen_ppm_log1p,62.102045652113944,9,0,1.0
TX-J,2014-09-22 07:00:00,0.6814640779536993,99.75789069650713,True,acetylene_ppm_delta,254.95750708215294,9,0,1.0
TX-F,2012-02-11 19:00:00,0.6803842416844516,99.75739860442687,True,ethane_ppm_roll_std_3,76.65946741279123,9,0,1.0
TX-F,2012-02-14 11:00:00,0.6798667342955307,99.75690651234659,True,ethane_ppm_roll_std_3,72.32423396934726,9,0,2.0
TX-F,2012-02-17 11:00:00,0.6793810739946691,99.75641442026631,True,ethane_ppm_roll_std_3,70.31200228482787,9,0,2.0
TX-J,2014-09-21 23:00:00,0.67862700129612,99.75592232818606,True,acetylene_ppm_roll_std_3,256.6602650889729,9,0,1.0
TX-K,2011-08-01 01:00:00,0.6783437510263833,99.75543023610578,True,oxygen_ppm_log1p,62.102045652113944,9,0,1.0
TX-K,2011-10-01 11:00:00,0.6780323602260737,99.7549381440255,True,oxygen_ppm_log1p,62.102045652113944,9,0,1.0
TX-K,2011-08-02 02:00:00,0.6779645140515262,99.75444605194525,True,oxygen_ppm_log1p,62.102045652113944,9,0,1.0
TX-F,2012-03-04 15:00:00,0.6768447913762564,99.75395395986497,True,acetylene_ppm_roll_std_3,127.6689817231588,9,0,1.0
TX-K,2011-07-20 21:00:00,0.6755262561343346,99.7534618677847,True,oxygen_ppm_log1p,62.102045652113944,9,0,1.0
TX-K,2011-08-13 13:00:00,0.6754223296770442,99.75296977570443,True,oxygen_ppm_log1p,62.102045652113944,9,0,1.0
TX-K,2011-09-28 16:00:00,0.6751203409155934,99.75247768362416,True,oxygen_ppm_log1p,62.102045652113944,9,0,1.0
TX-F,2011-06-09 21:00:00,0.675022172200882,99.75198559154389,True,carbon_dioxide_ppm_log1p,16.935530328390275,9,0,1.0
TX-F,2012-02-24 17:00:00,0.6729580512859282,99.75149349946362,True,acetylene_ppm_roll_std_3,61.174720409013574,9,0,2.0
TX-E,2013-02-10 15:00:00,0.6723165005259375,99.75075536134321,True,ethylene_ppm_roll_std_3,14.85064561025238,9,0,1.0
TX-G,2013-02-10 15:00:00,0.6723165005259375,99.75075536134321,True,ethylene_ppm_roll_std_3,14.85064561025238,9,0,1.0
TX-E,2011-08-11 02:00:00,0.6719666303713127,99.74977117718268,True,methane_ppm_delta,9.407371119015677,9,0,2.0
TX-G,2011-08-11 02:00:00,0.6719666303713127,99.74977117718268,True,methane_ppm_delta,9.407371119015677,9,0,2.0
TX-F,2012-02-28 20:00:00,0.6717036132650811,99.74903303906227,True,ethane_ppm_roll_std_3,46.40797172031363,9,0,3.0
TX-F,2012-02-16 11:00:00,0.6716049329055979,99.748540946982,True,ethane_ppm_roll_std_3,67.97872081723202,9,0,2.0
TX-K,2011-08-01 03:00:00,0.6712767563314932,99.74804885490173,True,oxygen_ppm_log1p,62.102045652113944,9,0,1.0
TX-F,2012-02-27 02:00:00,0.6704488898690152,99.74755676282146,True,ethane_ppm_roll_std_3,50.8865470196172,9,0,3.0
TX-F,2012-02-27 15:00:00,0.6694889733278216,99.7470646707412,True,ethane_ppm_roll_std_3,53.303747353026765,9,0,1.0
TX-F,2012-02-13 04:00:00,0.6691250160830943,99.74657257866092,True,ethane_ppm_roll_std_3,76.96422603506808,9,0,1.0
TX-F,2012-03-03 08:00:00,0.6684032711857912,99.74608048658065,True,ethane_ppm_roll_std_3,41.869621007492725,9,0,3.0
TX-K,2011-09-03 08:00:00,0.6681860860926166,99.74558839450039,True,oxygen_ppm_log1p,62.102045652113944,9,0,1.0
TX-F,2012-02-12 22:00:00,0.6679676265063748,99.74509630242011,True,ethane_ppm_roll_std_3,77.76970667911368,9,0,1.0
TX-F,2012-03-01 20:00:00,0.6674156113338596,99.74460421033984,True,ethane_ppm_roll_std_3,39.26861610949477,9,0,3.0
TX-F,2012-02-28 14:00:00,0.6671678553289248,99.74411211825957,True,ethane_ppm_roll_std_3,49.87856884228169,9,0,3.0
TX-J,2014-09-21 20:00:00,0.6668548489291342,99.7436200261793,True,acetylene_ppm_delta,243.49116417105085,9,0,1.0
TX-J,2014-09-21 14:00:00,0.6667001475433998,99.74312793409904,True,acetylene_ppm_delta,195.6023202482126,8,1,1.0333333333333334
TX-F,2012-02-26 14:00:00,0.6655274857493514,99.74263584201876,True,ethane_ppm_roll_std_3,51.327099110252625,9,0,3.0
TX-K,2011-07-28 09:00:00,0.6641878219811285,99.74214374993848,True,oxygen_ppm_log1p,62.102045652113944,9,0,1.0
TX-F,2012-02-28 03:00:00,0.6631828801728408,99.74165165785823,True,ethane_ppm_roll_std_3,53.6982314403358,9,0,1.0
TX-F,2012-02-13 07:00:00,0.6629142171442752,99.74115956577795,True,ethane_ppm_roll_std_3,75.94503268480848,9,0,1.0
TX-F,2012-02-29 20:00:00,0.6620553116318393,99.74066747369767,True,ethane_ppm_roll_std_3,45.979096932063435,9,0,3.0
TX-F,2012-02-16 17:00:00,0.6617896820570324,99.74017538161742,True,ethane_ppm_roll_std_3,71.70468002311972,9,0,2.0
TX-F,2012-02-12 10:00:00,0.6617617733095691,99.73968328953714,True,ethane_ppm_roll_std_3,71.40011568453848,9,0,1.0
TX-F,2012-02-17 17:00:00,0.6616150530158537,99.73919119745686,True,ethane_ppm_roll_std_3,70.60177042283388,9,0,2.0
TX-F,2012-02-23 11:00:00,0.6613786870268823,99.7386991053766,True,ethane_ppm_roll_std_3,55.60300303264073,9,0,2.0
TX-F,2012-02-26 15:00:00,0.6604118524543501,99.73820701329633,True,ethane_ppm_roll_std_3,51.92066965057851,9,0,1.0
TX-E,2013-02-25 02:00:00,0.6604089067820111,99.73746887517592,True,hydrogen_ppm_log1p,7.156368491591167,9,0,1.0
TX-G,2013-02-25 02:00:00,0.6604089067820111,99.73746887517592,True,hydrogen_ppm_log1p,7.156368491591167,9,0,1.0
TX-K,2012-08-17 20:00:00,0.6594948494243266,99.73673073705551,True,oxygen_ppm_log1p,62.102045652113944,9,0,1.0
TX-E,2013-02-05 22:00:00,0.6584008505230892,99.73599259893511,True,hydrogen_ppm_log1p,7.156368491591167,9,0,2.0
TX-G,2013-02-05 22:00:00,0.6584008505230892,99.73599259893511,True,hydrogen_ppm_log1p,7.156368491591167,9,0,2.0
TX-F,2012-03-04 08:00:00,0.6583084307133266,99.7352544608147,True,acetylene_ppm_roll_std_3,42.02437315053976,9,0,3.0
TX-F,2012-02-13 13:00:00,0.6577910620113122,99.73476236873444,True,ethane_ppm_roll_std_3,72.12449390957443,9,0,1.0
TX-F,2012-03-02 14:00:00,0.6571385359541234,99.73427027665417,True,ethane_ppm_roll_std_3,44.09902594770525,9,0,3.0
TX-F,2012-02-29 08:00:00,0.6564564513562577,99.7337781845739,True,ethane_ppm_roll_std_3,49.29132937097341,9,0,3.0
TX-F,2012-02-12 04:00:00,0.6560339881925527,99.73328609249363,True,ethane_ppm_roll_std_3,76.07632925199728,9,0,1.0
TX-F,2012-02-12 07:00:00,0.6554929853538367,99.73279400041336,True,ethane_ppm_roll_std_3,68.05315662111569,9,0,1.0
TX-D,2010-07-14 03:00:00,0.6554034617392451,99.73230190833308,True,oxygen_ppm_roll_std_3,437.09277368645843,9,0,1.0
TX-F,2012-03-02 20:00:00,0.6545949132193225,99.73180981625282,True,ethane_ppm_roll_std_3,40.64512638695008,9,0,3.0
TX-D,2010-08-26 21:00:00,0.6535134099778088,99.73131772417256,True,carbon_monoxide_ppm_roll_std_3,438.2784399933397,9,0,4.0
TX-F,2012-02-12 16:00:00,0.6528565306091533,99.73082563209228,True,ethane_ppm_roll_std_3,70.15065994396659,9,0,1.0
TX-F,2012-03-01 15:00:00,0.6522160842976599,99.73033354001201,True,ethane_ppm_roll_std_3,45.32839856599981,9,0,1.0
TX-F,2012-02-23 17:00:00,0.6520261783553769,99.72984144793173,True,ethane_ppm_roll_std_3,64.38023061765568,9,0,2.0
TX-D,2010-08-23 17:00:00,0.6514318623476099,99.72934935585147,True,carbon_monoxide_ppm_roll_std_3,433.49188022971055,9,0,4.0
TX-D,2010-07-15 19:00:00,0.650984152589823,99.7288572637712,True,carbon_monoxide_ppm_roll_std_3,438.996479929977,9,0,1.0
TX-D,2010-07-05 05:00:00,0.6507397142564793,99.72836517169092,True,oxygen_ppm_roll_std_3,439.79503175893376,9,0,1.0
TX-D,2010-07-14 08:00:00,0.6503528037630081,99.72787307961065,True,oxygen_ppm_roll_std_3,436.85134224381477,9,0,1.0
TX-F,2012-02-13 10:00:00,0.6493601430544103,99.7273809875304,True,ethane_ppm_roll_std_3,68.48751510376641,9,0,1.0
TX-E,2011-08-10 22:00:00,0.6493378707782012,99.72664284940998,True,methane_ppm_delta,9.762366255582307,9,0,2.0
TX-G,2011-08-10 22:00:00,0.6493378707782012,99.72664284940998,True,methane_ppm_delta,9.762366255582307,9,0,2.0
TX-K,2011-03-20 06:00:00,0.649164843656829,99.72590471128959,True,oxygen_ppm_log1p,62.102045652113944,9,0,1.0
TX-D,2010-07-18 17:00:00,0.6490406908771744,99.72541261920931,True,carbon_monoxide_ppm_roll_std_3,439.46532966385206,9,0,1.0
TX-D,2010-07-15 23:00:00,0.6488200711097329,99.72492052712903,True,oxygen_ppm_roll_std_3,435.453411084218,9,0,1.0
TX-D,2010-07-16 03:00:00,0.6486773322094636,99.72442843504876,True,oxygen_ppm_roll_std_3,436.1076052797873,9,0,1.0
TX-K,2011-01-27 10:00:00,0.6477113317402865,99.7239363429685,True,oxygen_ppm_log1p,62.102045652113944,9,0,1.0
TX-D,2015-05-14 00:00:00,0.6460195461521955,99.72344425088822,True,carbon_dioxide_ppm_roll_std_3,605.460825626432,9,0,8.0
TX-I,2013-10-23 15:00:00,0.645921734421337,99.72295215880796,True,water_ppm_roll_std_3,30.867006316074434,9,0,1.0
TX-F,2012-02-28 09:00:00,0.6457853180506157,99.72246006672768,True,ethane_ppm_roll_std_3,49.08274865452843,9,0,1.0
TX-J,2014-09-21 12:58:00,0.6454148434559671,99.72196797464741,True,acetylene_ppm_delta,190.88088493187644,9,0,0.9666666666666668
TX-D,2010-07-26 18:00:00,0.6453607193421361,99.72147588256715,True,carbon_monoxide_ppm_roll_std_3,439.3098949069098,9,0,1.0
TX-F,2012-02-27 21:00:00,0.6452118924535744,99.72098379048687,True,ethane_ppm_roll_std_3,52.62149189428967,9,0,1.0
TX-F,2012-02-27 03:00:00,0.6447587025979632,99.7204916984066,True,ethane_ppm_roll_std_3,51.710700234884484,9,0,1.0
TX-D,2013-07-18 10:00:00,0.6439105650966419,99.71999960632634,True,oxygen_ppm_delta,454.0626962594603,9,0,0.9166666666666666
TX-D,2010-07-12 18:00:00,0.6433987798802425,99.71950751424606,True,carbon_monoxide_ppm_roll_std_3,437.69685415583973,9,0,1.0
TX-F,2012-02-26 21:00:00,0.6431422257453988,99.7190154221658,True,ethane_ppm_roll_std_3,51.254224469150344,9,0,1.0
TX-F,2012-02-27 09:00:00,0.6430636992834508,99.71852333008553,True,ethane_ppm_roll_std_3,48.05319586138563,9,0,1.0
TX-F,2012-02-28 15:00:00,0.642885800411819,99.71803123800525,True,ethane_ppm_roll_std_3,51.030390253692076,9,0,1.0
TX-F,2012-09-13 08:00:00,0.6418006954038451,99.71753914592499,True,carbon_dioxide_ppm_log1p,16.935530328390275,9,0,1.0
TX-F,2012-02-13 01:00:00,0.641399340548562,99.71704705384472,True,ethane_ppm_roll_std_3,71.24764544621684,9,0,1.0
TX-D,2010-07-11 11:00:00,0.640736805790071,99.71655496176444,True,oxygen_ppm_roll_std_3,436.52413067904587,9,0,1.0
TX-D,2010-07-10 02:00:00,0.6406661844830294,99.71606286968418,True,oxygen_ppm_roll_std_3,437.28483596575506,9,0,1.0
TX-F,2012-03-14 02:00:00,0.6406318817757679,99.7155707776039,True,acetylene_ppm_roll_std_3,64.8983990426057,9,0,3.0
TX-F,2012-03-14 08:00:00,0.6405813043787102,99.71507868552364,True,acetylene_ppm_roll_std_3,75.00552676235579,9,0,3.0
TX-F,2012-03-03 20:00:00,0.6404068223599119,99.71458659344337,True,ethane_ppm_roll_std_3,36.21252105703837,9,0,3.0
TX-J,2014-09-21 15:00:00,0.6386484741730721,99.71409450136309,True,acetylene_ppm_delta,230.00134898151896,9,0,1.0
TX-C,2015-05-13 14:00:00,0.6372794356007482,99.71360240928281,True,oxygen_ppm_roll_std_3,1039.1047759975427,9,0,2.833333333333333
TX-D,2010-08-03 22:00:00,0.6370922924857069,99.71311031720256,True,carbon_monoxide_ppm_roll_std_3,438.4248103903106,9,0,1.0
TX-D,2010-08-01 01:00:00,0.6370196155320893,99.71261822512228,True,carbon_monoxide_ppm_roll_std_3,432.35728542278736,9,0,1.0
TX-E,2013-02-10 06:00:00,0.6356658314512387,99.71188008700189,True,hydrogen_ppm_log1p,7.156368491591167,9,0,2.0
TX-G,2013-02-10 06:00:00,0.6356658314512387,99.71188008700189,True,hydrogen_ppm_log1p,7.156368491591167,9,0,2.0
TX-F,2012-09-17 11:00:00,0.6354621489264602,99.71114194888148,True,ethane_ppm_roll_std_3,17.235826296899077,9,0,3.0
TX-F,2012-02-28 21:00:00,0.6348870985513025,99.7106498568012,True,ethane_ppm_roll_std_3,45.397899973894475,9,0,1.0
TX-D,2010-07-21 09:00:00,0.6344908809747308,99.71015776472093,True,carbon_monoxide_ppm_roll_std_3,446.01708163384745,9,0,1.0
TX-F,2012-03-13 14:00:00,0.6339883853993012,99.70966567264067,True,acetylene_ppm_roll_std_3,69.68598585722417,9,0,3.0
TX-F,2012-03-04 02:00:00,0.6327162556547299,99.70917358056039,True,ethane_ppm_roll_std_3,42.56184939814247,9,0,3.0
TX-C,2013-07-15 13:00:00,0.6315164378508749,99.70868148848012,True,oxygen_ppm_roll_std_3,629.1177683185241,9,0,1.6
TX-J,2015-06-16 14:00:00,0.6312171981780638,99.70818939639985,True,oxygen_ppm_roll_std_3,2706.81572912452,9,0,1.0
TX-F,2012-09-17 23:00:00,0.6309806749844155,99.70769730431958,True,ethane_ppm_roll_std_3,17.946814758876783,9,0,3.0
TX-D,2010-07-22 20:00:00,0.6309166928767772,99.70720521223932,True,carbon_monoxide_ppm_roll_std_3,443.33288848645975,9,0,1.0
TX-F,2012-03-02 03:00:00,0.6301449825814724,99.70671312015904,True,ethane_ppm_roll_std_3,43.655204747602255,9,0,1.0
TX-E,2013-02-16 14:00:00,0.6294297325953767,99.70597498203864,True,hydrogen_ppm_log1p,7.156368491591167,9,0,1.0
TX-G,2013-02-16 14:00:00,0.6294297325953767,99.70597498203864,True,hydrogen_ppm_log1p,7.156368491591167,9,0,1.0
TX-F,2012-02-23 05:00:00,0.6293937433021111,99.70523684391823,True,ethane_ppm_roll_std_3,59.798932611206965,9,0,2.0
TX-F,2012-02-12 01:00:00,0.6285433643106131,99.70474475183796,True,ethane_ppm_roll_std_3,76.01142899355725,9,0,1.0
TX-D,2010-07-30 16:00:00,0.6283314655224569,99.7042526597577,True,carbon_monoxide_ppm_roll_std_3,441.1942090854622,9,0,1.0
TX-D,2010-08-02 07:00:00,0.6282868426827253,99.70376056767742,True,carbon_monoxide_ppm_roll_std_3,439.3037516580516,9,0,1.0
TX-F,2012-09-17 17:00:00,0.6282532924857414,99.70326847559716,True,carbon_dioxide_ppm_log1p,16.935530328390275,9,0,3.0
TX-F,2012-02-11 10:00:00,0.6278171138335799,99.70277638351689,True,ethane_ppm_roll_std_3,71.57716730568724,9,0,1.0
TX-F,2012-02-15 11:00:00,0.6276573360195371,99.70228429143661,True,ethane_ppm_roll_std_3,66.02711102885634,9,0,2.0
TX-F,2012-09-18 19:00:00,0.6271526122664631,99.70179219935635,True,carbon_dioxide_ppm_log1p,16.935530328390275,9,0,2.0
TX-F,2012-03-04 20:00:00,0.6264085693728667,99.70130010727607,True,ethane_ppm_roll_std_3,40.50728966567874,9,0,3.0
TX-F,2012-02-29 03:00:00,0.626341020526176,99.7008080151958,True,ethane_ppm_roll_std_3,38.8503296577909,9,0,1.0
TX-J,2014-09-22 20:00:00,0.6260221038452644,99.70031592311554,True,acetylene_ppm_roll_std_3,254.379099852641,9,0,6.0
TX-J,2010-11-01 14:04:00,0.6255038206119417,99.69982383103526,True,acetylene_ppm_delta,312.28922163766356,9,0,5.066666666666666
TX-D,2010-08-01 20:00:00,0.6247886898902099,99.69933173895498,True,carbon_monoxide_ppm_roll_std_3,432.137615857674,9,0,1.0
TX-F,2012-09-12 14:00:00,0.6244283174814788,99.69883964687473,True,carbon_dioxide_ppm_log1p,16.935530328390275,9,0,1.0
TX-F,2012-03-05 20:00:00,0.6237200168573017,99.69834755479445,True,ethane_ppm_roll_std_3,42.15887038900001,9,0,3.0
TX-E,2011-08-11 14:00:00,0.623447920762336,99.69760941667406,True,methane_ppm_delta,9.460620389500672,9,0,2.0
TX-G,2011-08-11 14:00:00,0.623447920762336,99.69760941667406,True,methane_ppm_delta,9.460620389500672,9,0,2.0
TX-J,2010-11-01 17:00:00,0.6227242916766617,99.69687127855364,True,acetylene_ppm_roll_std_3,309.600037099235,8,1,2.933333333333333
TX-D,2010-08-01 10:00:00,0.6218460404795717,99.69637918647337,True,carbon_monoxide_ppm_roll_std_3,439.15895214097003,9,0,1.0
TX-F,2012-02-24 11:00:00,0.621372304841972,99.6958870943931,True,ethane_ppm_roll_std_3,54.06832050790373,9,0,2.0
TX-I,2014-08-14 10:00:00,0.6213401065333968,99.69539500231284,True,carbon_dioxide_ppm_log1p,16.46252866269543,9,0,6.0
TX-C,2014-10-23 13:34:00,0.6206456098316029,99.69490291023256,True,oxygen_ppm_roll_std_3,255.88319135831637,9,0,7.566666666666666
TX-F,2012-03-01 09:00:00,0.6198456223406992,99.69441081815229,True,ethane_ppm_roll_std_3,48.482091900737956,9,0,1.0
TX-F,2012-02-22 05:00:00,0.6194569522058992,99.69391872607201,True,ethane_ppm_roll_std_3,57.33499798051486,9,0,2.0
TX-D,2010-07-24 22:00:00,0.6191845556602648,99.69342663399175,True,oxygen_ppm_roll_std_3,433.8850856390762,9,0,1.0
TX-L,2014-04-26 16:55:00,0.6189664410251772,99.69293454191148,True,oxygen_ppm_roll_std_3,24.654451098731826,9,0,3.0
TX-C,2013-01-06 13:30:00,0.6189446334442589,99.6924424498312,True,carbon_dioxide_ppm_delta,256.71118305679215,9,0,43.5
TX-K,2012-07-25 15:00:00,0.6185498887237706,99.69195035775094,True,oxygen_ppm_log1p,62.102045652113944,9,0,1.0
TX-B,2012-04-05 22:00:00,0.6168316221227232,99.69145826567068,True,oxygen_ppm_log1p,67.40873154656228,9,0,1.0
TX-F,2012-02-29 09:00:00,0.6166281928589727,99.6909661735904,True,ethane_ppm_roll_std_3,49.599036875243144,9,0,1.0
TX-F,2012-02-29 21:00:00,0.6148173087715382,99.69047408151013,True,ethane_ppm_roll_std_3,48.07503850662046,9,0,1.0
TX-D,2013-11-06 19:00:00,0.6137786429211461,99.68998198942987,True,carbon_monoxide_ppm_roll_std_3,366.6980743215415,9,0,8.0
TX-E,2011-08-10 18:00:00,0.6137454934766702,99.68924385130946,True,methane_ppm_roll_std_3,8.915170679354498,9,0,2.0
TX-G,2011-08-10 18:00:00,0.6137454934766702,99.68924385130946,True,methane_ppm_roll_std_3,8.915170679354498,9,0,2.0
TX-J,2014-09-23 20:00:00,0.6137333162422094,99.68850571318906,True,acetylene_ppm_roll_std_3,251.92836092714097,9,0,6.0
TX-E,2013-02-12 17:00:00,0.6131335574934756,99.68776757506865,True,hydrogen_ppm_log1p,7.156368491591167,9,0,1.0
TX-G,2013-02-12 17:00:00,0.6131335574934756,99.68776757506865,True,hydrogen_ppm_log1p,7.156368491591167,9,0,1.0
TX-F,2012-03-02 09:00:00,0.6122448898334383,99.68702943694824,True,ethane_ppm_roll_std_3,41.43766595866333,9,0,1.0
TX-F,2012-03-03 09:00:00,0.611381778598862,99.68653734486797,True,ethane_ppm_roll_std_3,40.03629041034295,9,0,1.0
TX-E,2013-02-09 06:00:00,0.6106387035375008,99.68579920674757,True,hydrogen_ppm_log1p,7.156368491591167,9,0,2.0
TX-G,2013-02-09 06:00:00,0.6106387035375008,99.68579920674757,True,hydrogen_ppm_log1p,7.156368491591167,9,0,2.0
TX-K,2013-11-13 15:00:00,0.6103378413543495,99.68506106862716,True,oxygen_ppm_log1p,62.102045652113944,9,0,1.0
TX-E,2013-02-10 14:00:00,0.6101643484044248,99.68432293050675,True,hydrogen_ppm_log1p,7.156368491591167,9,0,2.0
TX-G,2013-02-10 14:00:00,0.6101643484044248,99.68432293050675,True,hydrogen_ppm_log1p,7.156368491591167,9,0,2.0
TX-F,2011-06-17 20:00:00,0.6098265245311263,99.68358479238634,True,carbon_dioxide_ppm_log1p,16.935530328390275,9,0,4.0
TX-F,2012-03-05 14:00:00,0.6089317654276969,99.68309270030609,True,ethane_ppm_roll_std_3,40.823718343083655,9,0,3.0
TX-F,2012-03-01 21:00:00,0.6089071758431691,99.68260060822581,True,ethane_ppm_roll_std_3,40.840462336228555,9,0,1.0
TX-F,2012-02-18 05:00:00,0.6077442742371842,99.68210851614555,True,ethane_ppm_roll_std_3,59.86723451377722,9,0,2.0
TX-F,2012-03-06 08:00:00,0.6061473127689464,99.68161642406527,True,ethane_ppm_roll_std_3,37.38718581903707,9,0,3.0
TX-E,2013-02-21 16:00:00,0.6056224155474778,99.68087828594486,True,hydrogen_ppm_log1p,7.156368491591167,9,0,2.0
TX-G,2013-02-21 16:00:00,0.6056224155474778,99.68087828594486,True,hydrogen_ppm_log1p,7.156368491591167,9,0,2.0
TX-C,2015-02-13 10:53:00,0.6051345029736881,99.68014014782446,True,oxygen_ppm_roll_std_3,685.8449549288799,9,0,0.0666666666666666
TX-C,2013-10-10 02:00:00,0.6049259864149276,99.67964805574418,True,oxygen_ppm_roll_std_3,630.4094109508991,9,0,8.0
TX-F,2012-03-02 15:00:00,0.6048876296501102,99.67915596366393,True,ethane_ppm_roll_std_3,44.29008529242446,9,0,1.0
TX-F,2012-03-07 14:00:00,0.6048123106720269,99.67866387158365,True,ethane_ppm_roll_std_3,39.524257706560945,9,0,3.0
TX-D,2013-11-01 01:00:00,0.6043472968893575,99.67817177950337,True,carbon_monoxide_ppm_roll_std_3,363.26189664037565,9,0,8.0
TX-F,2012-03-03 15:00:00,0.6040637205781734,99.67767968742311,True,ethane_ppm_roll_std_3,40.971458215544885,9,0,1.0
TX-F,2012-03-08 08:00:00,0.6039567559666351,99.67718759534284,True,ethane_ppm_roll_std_3,37.50905400668862,9,0,3.0
TX-F,2011-06-22 08:00:00,0.6037910641188395,99.67669550326256,True,carbon_dioxide_ppm_log1p,16.935530328390275,9,0,4.0
TX-B,2012-03-13 13:00:00,0.6031257014812756,99.6762034111823,True,oxygen_ppm_log1p,67.40873154656228,9,0,1.0
TX-F,2012-03-06 02:00:00,0.6027856618332066,99.67571131910204,True,ethane_ppm_roll_std_3,35.4595938276695,9,0,3.0
TX-K,2011-06-26 23:00:00,0.601062805882069,99.67521922702176,True,oxygen_ppm_log1p,62.102045652113944,9,0,1.0
TX-C,2013-01-06 14:33:00,0.6009701497662436,99.67472713494149,True,carbon_dioxide_ppm_roll_std_3,291.4882633739861,9,0,1.05
TX-E,2013-02-20 16:00:00,0.6008480103853953,99.67398899682108,True,hydrogen_ppm_log1p,7.156368491591167,9,0,2.0
TX-G,2013-02-20 16:00:00,0.6008480103853953,99.67398899682108,True,hydrogen_ppm_log1p,7.156368491591167,9,0,2.0
TX-E,2013-02-09 22:00:00,0.6006590825874707,99.67300481266055,True,hydrogen_ppm_log1p,7.156368491591167,9,0,2.0
TX-G,2013-02-09 22:00:00,0.6006590825874707,99.67300481266055,True,hydrogen_ppm_log1p,7.156368491591167,9,0,2.0
TX-C,2014-01-14 01:00:00,0.6006521497983225,99.67226667454014,True,oxygen_ppm_roll_std_3,743.9728792624853,9,0,8.0
TX-F,2012-03-05 08:00:00,0.6003213876890454,99.67177458245988,True,ethane_ppm_roll_std_3,40.776383748952725,9,0,3.0
TX-K,2013-11-13 12:26:00,0.600062372336946,99.6712824903796,True,oxygen_ppm_roll_std_3,31.781983506717616,9,0,1440.4333333333334
TX-I,2014-09-03 09:55:00,0.5993673208236687,99.67079039829933,True,carbon_dioxide_ppm_log1p,16.46252866269543,9,0,2.9166666666666665
TX-J,2015-01-06 21:00:00,0.5982731281135398,99.67029830621907,True,carbon_dioxide_ppm_log1p,9.257603450739536,8,1,1.5833333333333333
TX-F,2012-03-05 02:00:00,0.5980470394652142,99.66980621413879,True,ethane_ppm_roll_std_3,36.56907566638298,9,0,3.0
TX-F,2012-03-02 21:00:00,0.5968907911973015,99.66931412205852,True,ethane_ppm_roll_std_3,40.05884858032194,9,0,1.0
TX-E,2013-02-22 00:00:00,0.5968048748294161,99.66857598393811,True,hydrogen_ppm_log1p,7.156368491591167,9,0,2.0
TX-G,2013-02-22 00:00:00,0.5968048748294161,99.66857598393811,True,hydrogen_ppm_log1p,7.156368491591167,9,0,2.0
TX-D,2013-10-24 18:00:00,0.5959086028787334,99.66783784581771,True,carbon_monoxide_ppm_roll_std_3,362.31969675464256,9,0,8.0
TX-F,2012-03-13 08:00:00,0.5956289590130214,99.66734575373744,True,acetylene_ppm_roll_std_3,40.960464969513446,9,0,3.0
TX-F,2012-03-09 02:00:00,0.5955681009083256,99.66685366165717,True,ethane_ppm_roll_std_3,37.97565018719976,9,0,3.0
TX-E,2013-02-27 22:00:00,0.5954140454292234,99.66611552353677,True,ethylene_ppm_roll_std_3,15.404293518576141,9,0,1.0
TX-G,2013-02-27 22:00:00,0.5954140454292234,99.66611552353677,True,ethylene_ppm_roll_std_3,15.404293518576141,9,0,1.0
TX-K,2011-10-01 12:00:00,0.5950337816810847,99.66537738541635,True,oxygen_ppm_log1p,62.102045652113944,9,0,1.0
TX-E,2013-02-26 08:00:00,0.5944098067153631,99.66463924729595,True,hydrogen_ppm_log1p,7.156368491591167,9,0,2.0
TX-G,2013-02-26 08:00:00,0.5944098067153631,99.66463924729595,True,hydrogen_ppm_log1p,7.156368491591167,9,0,2.0
TX-L,2013-06-03 09:45:00,0.5940343223777622,99.66390110917554,True,oxygen_ppm_roll_std_3,25.215883174027674,9,0,3.8333333333333335
TX-F,2012-03-08 14:00:00,0.5932798287487824,99.66340901709529,True,ethane_ppm_roll_std_3,36.864448698098386,9,0,3.0
TX-F,2012-03-07 02:00:00,0.592992413608966,99.66291692501501,True,ethane_ppm_roll_std_3,36.84156557009228,9,0,3.0
TX-C,2013-10-24 18:00:00,0.5923327657002492,99.66242483293473,True,oxygen_ppm_roll_std_3,650.3111130535741,9,0,8.0
TX-D,2013-10-10 02:00:00,0.5922207414008761,99.66193274085447,True,carbon_monoxide_ppm_roll_std_3,352.31299764134565,9,0,8.0
TX-F,2012-03-07 08:00:00,0.5912318374244053,99.6614406487742,True,ethane_ppm_roll_std_3,33.19020502514358,9,0,3.0
TX-E,2013-02-11 16:00:00,0.5902611538687891,99.66070251065379,True,hydrogen_ppm_log1p,7.156368491591167,9,0,2.0
TX-G,2013-02-11 16:00:00,0.5902611538687891,99.66070251065379,True,hydrogen_ppm_log1p,7.156368491591167,9,0,2.0
TX-K,2011-01-10 12:00:00,0.5894346259405598,99.6599643725334,True,water_ppm_roll_std_3,382.43626062322943,9,0,0.5666666666666667
TX-F,2012-03-06 14:00:00,0.5889702617207324,99.65947228045312,True,ethane_ppm_roll_std_3,38.94766968913764,9,0,3.0
TX-D,2015-02-13 11:51:00,0.587880338749608,99.65898018837285,True,carbon_dioxide_ppm_roll_std_3,532.9275233855423,9,0,0.2166666666666666
TX-F,2012-03-03 21:00:00,0.587842999681082,99.65848809629257,True,ethane_ppm_roll_std_3,37.61992042805917,9,0,1.0
TX-F,2012-03-10 08:00:00,0.5878361743413578,99.65799600421231,True,ethane_ppm_roll_std_3,30.83659627788138,9,0,3.0
TX-F,2012-03-13 20:00:00,0.58641161428448,99.65750391213204,True,acetylene_ppm_roll_std_3,35.64092406438182,9,0,3.0
TX-D,2014-01-14 03:00:00,0.5847921064051569,99.65701182005176,True,oxygen_ppm_roll_std_3,342.90706690665024,9,0,8.0
TX-F,2012-03-13 02:00:00,0.5838586217373533,99.6565197279715,True,ethane_ppm_roll_std_3,27.50784658737182,9,0,3.0
TX-F,2010-12-20 21:00:00,0.5838517779649156,99.65602763589123,True,carbon_dioxide_ppm_log1p,16.935530328390275,9,0,4.0
TX-E,2013-02-14 12:00:00,0.5837102899499086,99.65528949777082,True,hydrogen_ppm_log1p,7.156368491591167,9,0,2.0
TX-G,2013-02-14 12:00:00,0.5837102899499086,99.65528949777082,True,hydrogen_ppm_log1p,7.156368491591167,9,0,2.0
TX-F,2012-03-09 14:00:00,0.5807548927975067,99.65455135965043,True,ethane_ppm_roll_std_3,35.709600903773975,9,0,3.0
TX-F,2012-03-07 20:00:00,0.5807013274501156,99.65405926757015,True,ethane_ppm_roll_std_3,36.61416645075276,9,0,3.0
TX-F,2012-03-10 02:00:00,0.5802042610954372,99.65356717548988,True,ethane_ppm_roll_std_3,28.51379870048924,9,0,3.0
TX-C,2013-09-06 02:00:00,0.5786864350702068,99.6530750834096,True,oxygen_ppm_roll_std_3,612.6641332894317,9,0,8.0
TX-F,2012-02-10 10:47:00,0.5779918465655072,99.65258299132934,True,carbon_dioxide_ppm_log1p,16.935530328390275,9,0,2041.7833333333333
TX-J,2014-09-25 20:00:00,0.5779154030410882,99.65209089924907,True,acetylene_ppm_roll_std_3,240.45666128803916,9,0,5.0
TX-J,2014-09-23 12:00:00,0.5774996299701327,99.6515988071688,True,acetylene_ppm_roll_std_3,250.57941186930395,9,0,6.0
TX-F,2012-02-17 23:00:00,0.5773849048461974,99.65110671508852,True,ethane_ppm_roll_std_3,67.04090200412777,9,0,2.0
TX-F,2010-12-15 15:00:00,0.5765649506896159,99.65061462300827,True,carbon_dioxide_ppm_log1p,16.935530328390275,9,0,4.0
TX-F,2012-03-09 20:00:00,0.5760615011477939,99.65012253092799,True,ethane_ppm_roll_std_3,37.12830644075741,9,0,3.0
TX-E,2013-03-15 04:00:00,0.5760118218882755,99.64938439280758,True,hydrogen_ppm_log1p,7.156368491591167,9,0,6.0
TX-G,2013-03-15 04:00:00,0.5760118218882755,99.64938439280758,True,hydrogen_ppm_log1p,7.156368491591167,9,0,6.0
TX-C,2011-07-21 10:44:00,0.5743214722673083,99.64864625468718,True,carbon_monoxide_ppm_delta,237.80617062689484,9,0,698.7333333333333
TX-F,2012-03-04 03:00:00,0.5742055447937939,99.6481541626069,True,ethane_ppm_roll_std_3,41.53448135152057,9,0,1.0
TX-D,2014-08-20 20:00:00,0.5741879396146772,99.64766207052664,True,carbon_dioxide_ppm_roll_std_3,476.126968545519,9,0,7.85
TX-E,2013-02-25 20:00:00,0.5740221767681625,99.64692393240622,True,hydrogen_ppm_log1p,7.156368491591167,9,0,2.0
TX-G,2013-02-25 20:00:00,0.5740221767681625,99.64692393240622,True,hydrogen_ppm_log1p,7.156368491591167,9,0,2.0
TX-K,2013-11-14 09:00:00,0.5739664243813015,99.64618579428583,True,oxygen_ppm_log1p,62.102045652113944,9,0,1.0
TX-E,2013-02-28 08:00:00,0.5736870043836086,99.64544765616542,True,hydrogen_ppm_log1p,7.156368491591167,9,0,2.0
TX-G,2013-02-28 08:00:00,0.5736870043836086,99.64544765616542,True,hydrogen_ppm_log1p,7.156368491591167,9,0,2.0
TX-J,2014-09-27 04:00:00,0.5733869022395072,99.64470951804502,True,acetylene_ppm_roll_std_3,238.99981700902447,9,0,5.0
TX-B,2012-04-02 16:00:00,0.5731998323604611,99.64421742596474,True,oxygen_ppm_log1p,67.40873154656228,9,0,1.0
TX-F,2012-03-08 20:00:00,0.5730639714865076,99.64372533388448,True,ethane_ppm_roll_std_3,34.01299838348551,9,0,3.0
TX-D,2012-03-14 13:00:00,0.5715026255152578,99.64323324180421,True,oxygen_ppm_roll_std_3,376.4388265892248,9,0,3.8666666666666663
TX-F,2012-03-04 09:00:00,0.5713622452596014,99.64274114972393,True,acetylene_ppm_roll_std_3,42.02437315053976,9,0,1.0
TX-F,2011-06-28 15:00:00,0.5709895849203476,99.64224905764367,True,carbon_dioxide_ppm_log1p,16.935530328390275,9,0,1.0
TX-F,2012-03-11 08:00:00,0.5704274738967461,99.6417569655634,True,ethane_ppm_roll_std_3,31.64767786583948,9,0,3.0
TX-H,2012-05-12 13:00:00,0.5696765438886382,99.64126487348312,True,ethane_ppm_log1p,16.865384582390167,9,0,2.0
TX-F,2012-03-10 20:00:00,0.569222401027177,99.64077278140286,True,ethane_ppm_roll_std_3,32.77914571155202,9,0,3.0
TX-F,2011-10-04 04:00:00,0.567681657995362,99.6402806893226,True,carbon_monoxide_ppm_log1p,13.249522515517103,9,0,2.0
TX-D,2014-04-16 04:00:00,0.5672735013263119,99.63978859724232,True,carbon_dioxide_ppm_roll_std_3,388.98391142953153,9,0,8.0
TX-F,2012-03-08 02:00:00,0.5659382038577742,99.63929650516205,True,ethane_ppm_roll_std_3,38.242929922785,9,0,3.0
TX-E,2013-04-13 05:00:00,0.5658162535860382,99.63855836704164,True,hydrogen_ppm_log1p,7.156368491591167,9,0,6.0
TX-G,2013-04-13 05:00:00,0.5658162535860382,99.63855836704164,True,hydrogen_ppm_log1p,7.156368491591167,9,0,6.0
TX-F,2012-03-05 15:00:00,0.5654696233131254,99.63782022892124,True,ethane_ppm_roll_std_3,41.563966736818465,9,0,1.0
TX-F,2012-03-12 14:00:00,0.5650931123813426,99.63732813684096,True,ethane_ppm_roll_std_3,33.3587319638332,9,0,3.0
TX-D,2014-11-13 19:00:00,0.5644413594714657,99.63683604476068,True,carbon_dioxide_ppm_roll_std_3,536.2764787362423,9,0,8.0
TX-F,2012-03-06 20:00:00,0.564169450525361,99.63634395268043,True,ethane_ppm_roll_std_3,39.6547612583194,9,0,3.0
TX-F,2012-02-25 11:00:00,0.5641120465480632,99.63585186060016,True,ethane_ppm_roll_std_3,52.032456526954945,9,0,2.0
TX-J,2014-09-23 04:00:00,0.5640341694120589,99.63535976851988,True,acetylene_ppm_roll_std_3,253.99989375906063,9,0,6.0
TX-J,2014-09-22 08:00:00,0.5627326553935039,99.63486767643963,True,acetylene_ppm_roll_std_3,253.60852556467114,9,0,1.0
TX-F,2011-06-28 04:00:00,0.5623067100916297,99.63437558435935,True,carbon_dioxide_ppm_log1p,16.935530328390275,9,0,1.0
TX-J,2014-09-24 04:00:00,0.5622600476333157,99.63388349227907,True,acetylene_ppm_roll_std_3,247.90889384875288,9,0,6.0
TX-F,2011-06-21 03:00:00,0.5617019156266385,99.6333914001988,True,carbon_dioxide_ppm_log1p,16.935530328390275,9,0,1.0
TX-F,2011-07-01 03:00:00,0.5603185416196181,99.63289930811854,True,carbon_dioxide_ppm_log1p,16.935530328390275,9,0,1.0
TX-J,2014-09-22 00:00:00,0.5603093066021838,99.63240721603826,True,acetylene_ppm_roll_std_3,254.62092819586968,9,0,1.0
TX-F,2012-03-12 08:00:00,0.5601037994431165,99.631915123958,True,ethane_ppm_roll_std_3,29.430819775111917,9,0,3.0
TX-F,2012-03-10 14:00:00,0.5593201437188642,99.63142303187772,True,ethane_ppm_roll_std_3,29.321829629662577,9,0,3.0
TX-C,2014-07-19 02:00:00,0.5588624280819293,99.63093093979745,True,oxygen_ppm_roll_std_3,922.6197653406424,9,0,8.0
TX-F,2011-06-20 03:00:00,0.5582854878404552,99.63043884771719,True,carbon_dioxide_ppm_log1p,16.935530328390275,9,0,1.0
TX-F,2012-03-04 21:00:00,0.5581743351176713,99.62994675563691,True,ethane_ppm_roll_std_3,39.44013045477008,9,0,1.0
TX-F,2012-03-02 05:00:00,0.5579363190933023,99.62945466355664,True,ethane_ppm_roll_std_3,39.9666110978586,9,0,2.0
TX-F,2012-03-09 08:00:00,0.5577857704592928,99.62896257147638,True,ethane_ppm_roll_std_3,34.38788297044908,9,0,3.0
TX-E,2013-02-13 12:00:00,0.5577322684742763,99.62822443335597,True,hydrogen_ppm_log1p,7.156368491591167,9,0,2.0
TX-G,2013-02-13 12:00:00,0.5577322684742763,99.62822443335597,True,hydrogen_ppm_log1p,7.156368491591167,9,0,2.0
TX-E,2013-03-04 00:00:00,0.557309228431669,99.62724024919542,True,hydrogen_ppm_log1p,7.156368491591167,9,0,2.0
TX-G,2013-03-04 00:00:00,0.557309228431669,99.62724024919542,True,hydrogen_ppm_log1p,7.156368491591167,9,0,2.0
TX-J,2014-09-25 04:00:00,0.5550019695703812,99.62650211107503,True,acetylene_ppm_roll_std_3,244.5035942312394,9,0,5.0
TX-J,2014-09-24 20:00:00,0.5545501351011044,99.62601001899476,True,acetylene_ppm_roll_std_3,250.23878418197467,9,0,5.0
TX-J,2014-09-26 20:00:00,0.5544895976736067,99.62551792691448,True,acetylene_ppm_roll_std_3,242.1533927681844,9,0,5.0
TX-K,2011-01-10 11:11:00,0.5540406918393785,99.62502583483422,True,oxygen_ppm_log1p,62.102045652113944,9,0,0.2333333333333333
TX-E,2011-08-12 10:00:00,0.5533320544825318,99.62428769671381,True,methane_ppm_delta,9.354121848530683,9,0,2.0
TX-G,2011-08-12 10:00:00,0.5533320544825318,99.62428769671381,True,methane_ppm_delta,9.354121848530683,9,0,2.0
TX-A,2015-04-02 20:00:00,0.5530277247335236,99.62354955859341,True,carbon_dioxide_ppm_log1p,84.76058081119213,9,0,6.0
TX-J,2014-09-25 12:00:00,0.5528352214806914,99.62305746651313,True,acetylene_ppm_roll_std_3,240.79601932465752,9,0,5.0
TX-M,2015-06-29 14:00:00,0.5527013324126647,99.62256537443285,True,hydrogen_ppm_roll_std_3,6.852643935736674,9,0,2.0
TX-J,2014-09-26 12:00:00,0.5524246878486486,99.6220732823526,True,acetylene_ppm_roll_std_3,241.13115008498502,9,0,5.0
TX-F,2012-03-14 05:00:00,0.5516455252655699,99.62158119027232,True,acetylene_ppm_roll_std_3,75.00552676235579,9,0,2.0
TX-F,2012-03-05 09:00:00,0.5512486899149841,99.62108909819204,True,ethane_ppm_roll_std_3,40.95238852867125,9,0,1.0
TX-F,2012-03-11 20:00:00,0.5508975194672464,99.6205970061118,True,ethane_ppm_roll_std_3,31.021086476122154,9,0,3.0
TX-J,2014-09-27 12:00:00,0.5508017959255271,99.62010491403151,True,acetylene_ppm_roll_std_3,238.09523809661937,9,0,5.0
TX-F,2012-02-18 23:00:00,0.5502241822109846,99.61961282195124,True,ethane_ppm_roll_std_3,58.79561444387701,9,0,2.0
TX-F,2012-03-06 15:00:00,0.5497126245312685,99.61912072987097,True,ethane_ppm_roll_std_3,39.45493152380644,9,0,1.0
TX-F,2011-05-29 03:00:00,0.5496462679381694,99.6186286377907,True,carbon_dioxide_ppm_log1p,16.935530328390275,9,0,1.0
TX-C,2013-01-06 15:29:00,0.5496286638364106,99.61813654571043,True,carbon_monoxide_ppm_delta,235.68634252568268,9,0,0.9333333333333332
TX-J,2014-09-21 16:00:00,0.5488727269508598,99.61764445363016,True,acetylene_ppm_roll_std_3,233.15953478433784,9,0,1.0
TX-E,2013-03-14 13:00:00,0.5488699685756836,99.61690631550975,True,methane_ppm_delta,6.194665133087683,9,0,1.0
TX-G,2013-03-14 13:00:00,0.5488699685756836,99.61690631550975,True,methane_ppm_delta,6.194665133087683,9,0,1.0
TX-C,2014-04-16 02:00:00,0.5488382452602859,99.61616817738935,True,oxygen_ppm_roll_std_3,883.2076631918987,9,0,8.0
TX-F,2011-06-21 21:00:00,0.5487436664836377,99.61567608530908,True,carbon_dioxide_ppm_log1p,16.935530328390275,9,0,1.0
TX-F,2011-06-20 15:00:00,0.548551268093964,99.61518399322881,True,carbon_dioxide_ppm_log1p,16.935530328390275,9,0,1.0
TX-E,2011-08-12 02:00:00,0.5480761593268695,99.61444585510841,True,methane_ppm_delta,9.265373064389026,9,0,2.0
TX-G,2011-08-12 02:00:00,0.5480761593268695,99.61444585510841,True,methane_ppm_delta,9.265373064389026,9,0,2.0
TX-F,2012-03-05 21:00:00,0.5475675565834656,99.613707716988,True,ethane_ppm_roll_std_3,39.84793441381147,9,0,1.0
TX-F,2012-03-07 09:00:00,0.547468559657147,99.61321562490774,True,ethane_ppm_roll_std_3,33.40788794129065,9,0,1.0
TX-F,2012-03-06 03:00:00,0.5470537831667122,99.61272353282746,True,ethane_ppm_roll_std_3,35.64704253915112,9,0,1.0
TX-F,2012-03-23 14:00:00,0.5464152139133577,99.6122314407472,True,acetylene_ppm_roll_std_3,26.517294902236316,9,0,3.0
TX-E,2011-08-11 22:00:00,0.5461332914181992,99.61149330262678,True,methane_ppm_delta,8.83937890050907,9,0,2.0
TX-G,2011-08-11 22:00:00,0.5461332914181992,99.61149330262678,True,methane_ppm_delta,8.83937890050907,9,0,2.0
TX-F,2012-02-19 17:00:00,0.5459128570992464,99.61075516450639,True,ethane_ppm_roll_std_3,63.92886551096283,9,0,2.0
TX-F,2012-03-13 11:00:00,0.5451039513256756,99.61026307242611,True,acetylene_ppm_roll_std_3,69.68598585722417,9,0,2.0
TX-I,2013-10-23 15:51:00,0.5442767669767751,99.60977098034584,True,water_ppm_roll_std_3,29.985361167423555,9,0,0.85
TX-M,2015-07-02 06:00:00,0.5438471737158675,99.60927888826558,True,carbon_dioxide_ppm_roll_std_3,6.055077541413227,9,0,2.0
TX-F,2012-02-18 11:00:00,0.5427181053085222,99.6087867961853,True,ethane_ppm_roll_std_3,65.44191452850961,9,0,2.0
TX-F,2011-06-04 09:00:00,0.5420388461238147,99.60829470410502,True,carbon_dioxide_ppm_log1p,16.935530328390275,9,0,1.0
TX-F,2012-03-04 05:00:00,0.5417196251172189,99.60780261202477,True,acetylene_ppm_roll_std_3,42.02437315053976,9,0,2.0
TX-M,2015-07-01 14:00:00,0.541428776961847,99.60731051994449,True,hydrogen_ppm_roll_std_3,7.020029899284651,9,0,2.0
TX-J,2014-09-26 04:00:00,0.5410835810416995,99.60681842786421,True,acetylene_ppm_roll_std_3,245.88569607375794,9,0,5.0
TX-I,2014-09-02 11:37:00,0.5406551330125973,99.60632633578396,True,carbon_monoxide_ppm_delta,8.256952813812392,9,0,359.35
TX-M,2015-06-29 22:00:00,0.5391618779843328,99.60583424370368,True,carbon_dioxide_ppm_roll_std_3,6.20273689362527,9,0,2.0
TX-D,2015-03-10 14:34:00,0.5391214806338381,99.6053421516234,True,oxygen_ppm_delta,1010.0794594944198,9,0,11.566666666666666
TX-D,2014-10-24 04:00:00,0.5381518024109843,99.60485005954314,True,carbon_dioxide_ppm_roll_std_3,511.3206473147948,9,0,8.0
TX-J,2014-09-27 20:00:00,0.538099232020763,99.60435796746287,True,acetylene_ppm_roll_std_3,240.45666128803904,9,0,5.0
TX-E,2011-08-11 07:00:00,0.5376736086345026,99.60361982934248,True,methane_ppm_delta,12.21183269789205,9,0,1.0
TX-G,2011-08-11 07:00:00,0.5376736086345026,99.60361982934248,True,methane_ppm_delta,12.21183269789205,9,0,1.0
TX-F,2012-03-07 15:00:00,0.5376324779751424,99.60288169122205,True,ethane_ppm_roll_std_3,40.00573162390419,9,0,1.0
TX-L,2013-05-01 16:55:00,0.5376250349601059,99.60238959914179,True,oxygen_ppm_roll_std_3,29.854727334941252,9,0,1.0
TX-F,2012-03-12 02:00:00,0.537370542063866,99.60189750706152,True,ethane_ppm_roll_std_3,31.028949017324983,9,0,3.0
TX-F,2012-03-05 03:00:00,0.536198114204684,99.60140541498124,True,ethane_ppm_roll_std_3,38.372753238725565,9,0,1.0
TX-M,2015-07-02 14:00:00,0.5361134526411242,99.60091332290098,True,hydrogen_ppm_roll_std_3,6.277168198330821,9,0,2.0
TX-J,2014-09-28 04:00:00,0.535091972001839,99.60042123082071,True,acetylene_ppm_roll_std_3,233.04310811850863,9,0,5.0
TX-F,2012-02-28 05:00:00,0.5341140615189548,99.59992913874044,True,ethane_ppm_roll_std_3,51.73770417284222,9,0,2.0
TX-K,2013-08-21 20:00:00,0.5340741487485623,99.59943704666017,True,carbon_dioxide_ppm_roll_std_3,47.10603201534828,9,0,1.0
TX-F,2012-03-03 05:00:00,0.5338517494407488,99.5989449545799,True,ethane_ppm_roll_std_3,41.35341815335449,9,0,2.0
TX-F,2012-03-06 09:00:00,0.5333267153560461,99.59845286249963,True,ethane_ppm_roll_std_3,36.77482142719155,9,0,1.0
TX-F,2012-03-06 21:00:00,0.533026742148613,99.59796077041936,True,ethane_ppm_roll_std_3,39.22695653235785,9,0,1.0
TX-C,2013-05-08 16:00:00,0.5329321201258869,99.5974686783391,True,oxygen_ppm_roll_std_3,568.5815885052403,9,0,2.066666666666667
TX-E,2014-01-07 11:00:00,0.5328258224812563,99.59673054021869,True,methane_ppm_delta,9.354121848530683,9,0,1.0
TX-G,2014-01-07 11:00:00,0.5328258224812563,99.59673054021869,True,methane_ppm_delta,9.354121848530683,9,0,1.0
TX-F,2012-03-15 17:00:00,0.5324914687503699,99.59599240209828,True,ethane_ppm_roll_std_3,27.10323688436368,9,0,1.0
TX-H,2012-05-11 19:00:00,0.5322971198167411,99.59550031001801,True,ethane_ppm_log1p,12.096882370682206,9,0,1.0
TX-F,2012-03-01 05:00:00,0.5322856656081782,99.59500821793775,True,ethane_ppm_roll_std_3,46.50782934618642,9,0,2.0
TX-F,2012-02-29 17:00:00,0.5321969180823404,99.59451612585747,True,acetylene_ppm_roll_std_3,55.85517950388196,9,0,2.0
TX-B,2012-04-01 04:00:00,0.5321671501055779,99.5940240337772,True,oxygen_ppm_log1p,67.40873154656228,9,0,1.0
TX-F,2012-03-13 15:00:00,0.5319324590110236,99.59353194169694,True,acetylene_ppm_roll_std_3,69.68598585722417,9,0,1.0
TX-C,2014-08-21 02:00:00,0.5317503240909388,99.59303984961666,True,oxygen_ppm_roll_std_3,963.0471867472884,9,0,8.0
TX-E,2011-08-11 11:00:00,0.5316364778949493,99.59230171149626,True,methane_ppm_delta,12.33608099569037,9,0,1.0
TX-G,2011-08-11 11:00:00,0.5316364778949493,99.59230171149626,True,methane_ppm_delta,12.33608099569037,9,0,1.0
TX-J,2015-06-08 01:00:00,0.5314874008973629,99.59156357337585,True,oxygen_ppm_roll_std_3,778.0672467287226,8,1,2.0
TX-F,2012-03-11 14:00:00,0.53131106648035,99.59107148129559,True,ethane_ppm_roll_std_3,32.19966178225336,9,0,3.0
TX-E,2013-03-03 18:00:00,0.53128598662957,99.59033334317517,True,ethylene_ppm_roll_std_3,11.144069451648011,9,0,1.0
TX-G,2013-03-03 18:00:00,0.53128598662957,99.59033334317517,True,ethylene_ppm_roll_std_3,11.144069451648011,9,0,1.0
TX-C,2013-01-06 17:00:00,0.5312241370100094,99.58959520505476,True,carbon_monoxide_ppm_delta,218.438650247638,9,0,1.5166666666666666
TX-F,2012-02-22 11:00:00,0.5311134433857543,99.5891031129745,True,ethane_ppm_roll_std_3,61.215343445388434,9,0,2.0
TX-M,2015-07-09 14:00:00,0.5295794338549584,99.58861102089422,True,hydrogen_ppm_roll_std_3,8.166113758439092,9,0,2.0
TX-F,2012-03-01 23:00:00,0.5294082041429747,99.58811892881397,True,ethane_ppm_roll_std_3,43.62150597263614,9,0,2.0
TX-F,2012-03-01 11:00:00,0.5287867248802067,99.58762683673369,True,ethane_ppm_roll_std_3,41.37702082731545,9,0,2.0
TX-M,2015-06-29 06:00:00,0.5285862562853273,99.58713474465341,True,carbon_dioxide_ppm_roll_std_3,6.266883874170715,9,0,2.0
TX-F,2012-02-21 11:00:00,0.5281387607188818,99.58664265257315,True,ethane_ppm_roll_std_3,67.89160356563009,9,0,2.0
TX-M,2015-07-07 14:00:00,0.5278229884549241,99.58615056049288,True,hydrogen_ppm_roll_std_3,6.264967045531128,9,0,2.0
TX-M,2015-07-03 14:00:00,0.5273943719171013,99.5856584684126,True,carbon_dioxide_ppm_roll_std_3,5.948605273123406,9,0,2.0
TX-F,2012-02-20 11:00:00,0.5273846475239755,99.58516637633234,True,ethane_ppm_roll_std_3,56.34999149300276,9,0,2.0
TX-F,2012-03-22 14:00:00,0.5273123913133968,99.58467428425207,True,acetylene_ppm_roll_std_3,22.874025892065944,9,0,3.0
TX-F,2012-03-14 09:00:00,0.5268870082943066,99.5841821921718,True,acetylene_ppm_roll_std_3,75.00552676235579,9,0,1.0
TX-F,2012-03-13 23:00:00,0.5266231198911555,99.58369010009153,True,acetylene_ppm_roll_std_3,64.8983990426057,9,0,2.0
TX-H,2012-05-13 04:00:00,0.5262887231382074,99.58319800801127,True,methane_ppm_log1p,12.030858373992217,9,0,1.0
TX-M,2015-06-30 22:00:00,0.526006926567786,99.58270591593099,True,carbon_dioxide_ppm_roll_std_3,6.06094237506526,9,0,2.0
TX-E,2013-02-21 12:00:00,0.5259734083403106,99.58196777781059,True,ethylene_ppm_roll_std_3,11.394226103471322,9,0,2.0
TX-G,2013-02-21 12:00:00,0.5259734083403106,99.58196777781059,True,ethylene_ppm_roll_std_3,11.394226103471322,9,0,2.0
TX-F,2012-02-21 23:00:00,0.5257604652779928,99.58122963969018,True,ethane_ppm_roll_std_3,58.06996469445668,9,0,2.0
TX-F,2012-02-19 23:00:00,0.525626058892211,99.58073754760991,True,ethane_ppm_roll_std_3,58.78424668197858,9,0,2.0
TX-F,2012-03-08 21:00:00,0.5242340650127367,99.58024545552964,True,ethane_ppm_roll_std_3,34.44670622026547,9,0,1.0
TX-F,2012-02-20 05:00:00,0.5238606863539783,99.57975336344937,True,ethane_ppm_roll_std_3,61.448289460644666,9,0,2.0
TX-F,2012-02-19 05:00:00,0.5235823745719518,99.5792612713691,True,ethane_ppm_roll_std_3,58.96000142984526,9,0,2.0
TX-F,2011-10-04 07:00:00,0.5229507160055965,99.57876917928883,True,carbon_monoxide_ppm_log1p,15.51420559352193,9,0,3.0
TX-F,2012-02-20 23:00:00,0.522862140995016,99.57827708720856,True,ethane_ppm_roll_std_3,61.456985244045974,9,0,2.0
TX-M,2015-07-04 22:00:00,0.5214990516830323,99.5777849951283,True,carbon_dioxide_ppm_roll_std_3,6.228756556413027,9,0,2.0
TX-E,2013-02-10 16:00:00,0.5214253591582532,99.57704685700787,True,ethylene_ppm_roll_std_3,14.904096939107639,9,0,1.0
TX-G,2013-02-10 16:00:00,0.5214253591582532,99.57704685700787,True,ethylene_ppm_roll_std_3,14.904096939107639,9,0,1.0
TX-F,2012-02-21 17:00:00,0.5207722037320759,99.57630871888747,True,ethane_ppm_roll_std_3,65.89174519871649,9,0,2.0
TX-F,2011-10-04 08:00:00,0.5206415530794724,99.57581662680721,True,carbon_monoxide_ppm_log1p,15.51420559352193,9,0,1.0
TX-F,2012-03-14 03:00:00,0.5204291101141125,99.57532453472695,True,acetylene_ppm_roll_std_3,64.8983990426057,9,0,1.0
TX-F,2012-03-07 03:00:00,0.5198606733260119,99.57483244264667,True,ethane_ppm_roll_std_3,35.58329412709719,9,0,1.0
TX-M,2015-07-01 22:00:00,0.5198313702617878,99.57434035056639,True,carbon_dioxide_ppm_roll_std_3,5.779166611215102,9,0,2.0
TX-F,2012-02-21 05:00:00,0.5196172355074201,99.57384825848614,True,ethane_ppm_roll_std_3,65.17390752421075,9,0,2.0
TX-M,2015-06-27 14:00:00,0.519189036886952,99.57335616640586,True,carbon_dioxide_ppm_roll_std_3,6.041526324498458,9,0,2.0
TX-E,2011-08-12 06:00:00,0.5190844799522124,99.57261802828545,True,methane_ppm_delta,8.786129630024076,9,0,2.0
TX-G,2011-08-12 06:00:00,0.5190844799522124,99.57261802828545,True,methane_ppm_delta,8.786129630024076,9,0,2.0
TX-M,2015-07-02 22:00:00,0.5183196123390209,99.57187989016505,True,carbon_dioxide_ppm_roll_std_3,6.064290754303574,9,0,2.0
TX-M,2015-07-01 06:00:00,0.5180209570334229,99.57138779808477,True,carbon_dioxide_ppm_roll_std_3,5.792616215866339,9,0,2.0
TX-M,2015-06-30 14:00:00,0.517710798031919,99.5708957060045,True,hydrogen_ppm_roll_std_3,6.043413767013769,9,0,2.0
TX-E,2011-08-11 18:00:00,0.5172999389155515,99.5701575678841,True,methane_ppm_delta,9.691367228268982,9,0,2.0
TX-G,2011-08-11 18:00:00,0.5172999389155515,99.5701575678841,True,methane_ppm_delta,9.691367228268982,9,0,2.0
TX-F,2012-03-24 14:00:00,0.5169913808590102,99.5694194297637,True,acetylene_ppm_roll_std_3,22.891366077185452,9,0,3.0
TX-M,2015-07-09 06:00:00,0.516913898872642,99.56892733768343,True,hydrogen_ppm_roll_std_3,6.516504560909112,9,0,2.0
TX-M,2015-07-08 14:00:00,0.516714293037444,99.56843524560315,True,hydrogen_ppm_roll_std_3,6.3525688688347755,9,0,2.0
TX-F,2012-03-12 20:00:00,0.5164362084368115,99.56794315352289,True,ethane_ppm_roll_std_3,30.88977951771236,9,0,3.0
TX-F,2012-03-27 15:00:00,0.5150276578328083,99.56745106144261,True,acetylene_ppm_roll_std_3,27.12965861617124,9,0,3.0
TX-M,2015-07-07 06:00:00,0.5142312046450046,99.56695896936235,True,hydrogen_ppm_roll_std_3,6.683229512265751,9,0,2.0
TX-J,2014-08-06 16:00:00,0.5138437617392377,99.56646687728208,True,ethylene_ppm_delta,6.359484303636468,8,1,4.0
TX-M,2015-07-07 22:00:00,0.5131908692836552,99.5659747852018,True,hydrogen_ppm_roll_std_3,6.1003859060727965,9,0,2.0
TX-F,2012-03-11 02:00:00,0.5129878624507792,99.56548269312154,True,ethane_ppm_roll_std_3,34.0794017008045,9,0,3.0
TX-K,2011-01-04 15:00:00,0.5129194051590137,99.56499060104127,True,water_ppm_roll_std_3,366.9271423739998,9,0,1.0
TX-D,2011-11-06 05:00:00,0.511340937684286,99.564498508961,True,carbon_dioxide_ppm_roll_std_3,426.62916975264585,9,0,4.0
TX-M,2015-07-08 06:00:00,0.5113261502051087,99.56400641688073,True,hydrogen_ppm_roll_std_3,6.264967045531132,9,0,2.0
TX-K,2013-08-20 08:06:00,0.5109725050417235,99.56351432480047,True,carbon_dioxide_ppm_roll_std_3,47.043846440585455,9,0,2.1
TX-M,2015-06-28 14:00:00,0.5107762305144746,99.56302223272019,True,carbon_dioxide_ppm_roll_std_3,5.743743563692349,9,0,2.0
TX-M,2015-07-04 06:00:00,0.5106861729802579,99.56253014063992,True,carbon_dioxide_ppm_roll_std_3,5.989539905353787,9,0,2.0
TX-M,2015-06-20 21:00:00,0.510648251208335,99.56203804855964,True,carbon_dioxide_ppm_roll_std_3,5.904842400610238,9,0,1.0
TX-M,2015-06-27 22:00:00,0.5098411491382204,99.56154595647938,True,carbon_dioxide_ppm_roll_std_3,6.100520503340009,9,0,2.0
TX-M,2015-07-04 14:00:00,0.5095579009163843,99.56105386439911,True,carbon_dioxide_ppm_roll_std_3,6.519112752496813,9,0,2.0
TX-E,2014-12-25 10:00:00,0.5090178477355408,99.5603157262787,True,carbon_dioxide_ppm_log1p,23.028388482814933,9,0,1.0
TX-G,2014-12-25 10:00:00,0.5090178477355408,99.5603157262787,True,carbon_dioxide_ppm_log1p,23.028388482814933,9,0,1.0
TX-F,2012-02-20 17:00:00,0.5088900455233433,99.5595775881583,True,ethane_ppm_roll_std_3,63.025740320957595,9,0,2.0
TX-H,2012-07-21 23:00:00,0.5082690091271695,99.55908549607803,True,carbon_monoxide_ppm_log1p,11.4019876738878,9,0,1.0
TX-K,2011-01-04 06:00:00,0.5079154918404281,99.55859340399775,True,water_ppm_roll_std_3,373.3324566730501,9,0,1.0
TX-B,2012-03-13 19:00:00,0.5075433352947899,99.5581013119175,True,oxygen_ppm_log1p,67.40873154656228,9,0,1.0
TX-M,2015-06-17 21:00:00,0.5073882274097046,99.55760921983722,True,carbon_dioxide_ppm_roll_std_3,5.560467479852001,9,0,1.0
TX-F,2012-03-08 15:00:00,0.5069435148458474,99.55711712775694,True,ethane_ppm_roll_std_3,37.14832299497413,9,0,1.0
TX-K,2011-01-05 06:00:00,0.5064530519281337,99.55662503567667,True,water_ppm_roll_std_3,367.9906046409215,9,0,1.0
TX-M,2015-06-30 06:00:00,0.5059489891549808,99.55613294359641,True,carbon_dioxide_ppm_roll_std_3,6.077400205646445,9,0,2.0
TX-E,2013-02-21 13:00:00,0.5059371762787234,99.555394805476,True,ethylene_ppm_roll_std_3,10.624539294547896,9,0,1.0
TX-G,2013-02-21 13:00:00,0.5059371762787234,99.555394805476,True,ethylene_ppm_roll_std_3,10.624539294547896,9,0,1.0
TX-K,2011-01-05 09:00:00,0.5058484956813994,99.5546566673556,True,water_ppm_roll_std_3,373.39619669287254,9,0,1.0
TX-F,2012-03-08 09:00:00,0.5051972396753394,99.55416457527532,True,ethane_ppm_roll_std_3,37.86417905959177,9,0,1.0
TX-E,2013-02-28 01:00:00,0.5046603955170398,99.55342643715493,True,ethylene_ppm_roll_std_3,13.462455104401405,9,0,1.0
TX-G,2013-02-28 01:00:00,0.5046603955170398,99.55342643715493,True,ethylene_ppm_roll_std_3,13.462455104401405,9,0,1.0
TX-J,2014-09-21 12:00:00,0.5043321502735068,99.55268829903451,True,acetylene_ppm_delta,147.71347632537433,9,0,1.0
TX-M,2015-07-03 06:00:00,0.5041196428514887,99.55219620695425,True,carbon_dioxide_ppm_roll_std_3,6.251666797596566,9,0,2.0
TX-K,2011-01-08 20:00:00,0.503649946019559,99.55170411487397,True,water_ppm_roll_std_3,357.98893789617364,9,0,1.0
TX-F,2012-03-02 11:00:00,0.5033914933239018,99.5512120227937,True,ethane_ppm_roll_std_3,45.21780219684472,9,0,2.0
TX-I,2013-08-22 23:00:00,0.5030683883295429,99.55071993071344,True,ethylene_ppm_roll_std_3,33.07527768607571,9,0,1.0
TX-I,2013-08-19 07:00:00,0.5027719167153998,99.55022783863316,True,ethylene_ppm_roll_std_3,32.93772317230601,9,0,1.0
TX-M,2015-07-06 06:00:00,0.5026600364786911,99.5497357465529,True,carbon_dioxide_ppm_roll_std_3,6.361353572228648,9,0,2.0
TX-K,2011-01-08 17:00:00,0.5025496371832509,99.54924365447263,True,water_ppm_roll_std_3,360.51531094024006,9,0,1.0
TX-K,2011-01-10 05:00:00,0.5022336574680591,99.54875156239235,True,water_ppm_roll_std_3,364.5622554970996,9,0,1.0
TX-F,2012-03-07 21:00:00,0.5020236685030112,99.54825947031209,True,ethane_ppm_roll_std_3,36.143230576164804,9,0,1.0
TX-F,2012-02-22 17:00:00,0.5018060564965711,99.54776737823181,True,ethane_ppm_roll_std_3,54.37366195846907,9,0,2.0
TX-K,2011-01-07 20:00:00,0.5017756500309107,99.54727528615155,True,water_ppm_roll_std_3,371.65172656356907,9,0,1.0
TX-M,2015-06-11 21:00:00,0.5016062631672014,99.54678319407128,True,carbon_dioxide_ppm_roll_std_3,5.339683332070725,9,0,1.0
TX-M,2015-07-05 06:00:00,0.5015265074943858,99.546291101991,True,carbon_dioxide_ppm_roll_std_3,6.342594397771878,9,0,2.0
TX-E,2013-02-25 22:00:00,0.5013778843870302,99.54555296387059,True,ethylene_ppm_roll_std_3,8.970211574175556,9,0,1.0
TX-G,2013-02-25 22:00:00,0.5013778843870302,99.54555296387059,True,ethylene_ppm_roll_std_3,8.970211574175556,9,0,1.0
TX-M,2015-06-18 21:00:00,0.5006412292543055,99.5448148257502,True,carbon_dioxide_ppm_roll_std_3,5.437167371134984,9,0,1.0
TX-B,2012-04-02 20:00:00,0.5004798029523304,99.54432273366992,True,oxygen_ppm_log1p,67.40873154656228,9,0,4.0
TX-F,2012-03-26 15:00:00,0.5003128769092174,99.54383064158966,True,acetylene_ppm_roll_std_3,23.937934073092272,9,0,3.0
TX-M,2015-06-28 22:00:00,0.5000414912268714,99.54333854950939,True,carbon_dioxide_ppm_roll_std_3,6.304778800053018,9,0,2.0
TX-K,2011-01-10 08:00:00,0.500023214886051,99.5428464574291,True,water_ppm_roll_std_3,364.0574379134364,9,0,1.0
TX-J,2014-07-29 08:00:00,0.49928521835947204,99.54235436534884,True,ethylene_ppm_delta,6.744907594765952,8,1,4.0
TX-B,2012-03-14 13:00:00,0.49898260096079394,99.54186227326858,True,hydrogen_ppm_roll_std_3,67.72853723453662,9,0,1.0
TX-J,2014-08-05 16:00:00,0.4989509787391138,99.5413701811883,True,ethylene_ppm_delta,6.455840126418839,8,1,4.0
TX-J,2014-02-07 16:00:00,0.49889880476832665,99.54087808910803,True,ethylene_ppm_delta,4.143300379641941,8,1,2.0
TX-J,2010-11-04 08:53:00,0.498701782930257,99.54038599702777,True,acetylene_ppm_delta,7.4193983542425475,8,1,46.88333333333333
TX-F,2012-03-14 16:00:00,0.49842022290628285,99.53989390494749,True,acetylene_ppm_roll_std_3,30.321383159250207,9,0,1.8333333333333333
TX-D,2013-09-06 02:00:00,0.4983280801223378,99.53940181286723,True,oxygen_ppm_roll_std_3,269.666933813532,9,0,8.0
TX-E,2011-08-10 23:00:00,0.4980729756290384,99.53866367474681,True,methane_ppm_delta,11.945586345467078,9,0,1.0
TX-G,2011-08-10 23:00:00,0.4980729756290384,99.53866367474681,True,methane_ppm_delta,11.945586345467078,9,0,1.0
TX-M,2015-07-06 14:00:00,0.49737773561650866,99.53792553662642,True,hydrogen_ppm_roll_std_3,6.633424118244355,9,0,2.0
TX-M,2015-06-25 14:00:00,0.49712885572022697,99.53743344454614,True,carbon_dioxide_ppm_roll_std_3,6.066247924675257,9,0,2.0
TX-J,2014-07-29 16:00:00,0.4970980024255136,99.53694135246587,True,ethylene_ppm_delta,6.45584012641884,8,1,4.0
TX-F,2012-03-15 23:00:00,0.49708539597282153,99.53644926038561,True,ethane_ppm_roll_std_3,24.96107850087548,9,0,1.0
TX-M,2015-07-03 22:00:00,0.497035440401878,99.53595716830533,True,carbon_dioxide_ppm_roll_std_3,6.129920195605418,9,0,2.0
TX-F,2012-03-09 15:00:00,0.4969745830822763,99.53546507622507,True,ethane_ppm_roll_std_3,37.05131212596064,9,0,1.0
TX-M,2015-06-26 22:00:00,0.4967360549551585,99.5349729841448,True,carbon_dioxide_ppm_roll_std_3,5.862027111911234,9,0,2.0
TX-E,2011-08-11 03:00:00,0.4967160450377765,99.53423484602439,True,methane_ppm_delta,11.501842424758793,9,0,1.0
TX-G,2011-08-11 03:00:00,0.4967160450377765,99.53423484602439,True,methane_ppm_delta,11.501842424758793,9,0,1.0
TX-K,2011-01-04 12:00:00,0.49645276275547706,99.53349670790398,True,water_ppm_roll_std_3,365.0710335187372,9,0,1.0
TX-B,2012-03-13 15:00:00,0.4960868070862663,99.53300461582371,True,oxygen_ppm_log1p,67.40873154656228,9,0,2.0
TX-I,2013-08-20 23:00:00,0.4959696096276639,99.53251252374345,True,ethylene_ppm_roll_std_3,30.331645243093554,9,0,1.0
TX-M,2015-06-28 06:00:00,0.4957317480965544,99.53202043166317,True,carbon_dioxide_ppm_roll_std_3,6.217795767588859,9,0,2.0
TX-I,2013-08-07 23:00:00,0.49564031946323456,99.53152833958289,True,ethylene_ppm_roll_std_3,29.73675466186463,9,0,1.0
TX-H,2012-06-20 07:00:00,0.4956263690100998,99.53103624750264,True,ethane_ppm_log1p,16.865384582390167,9,0,1.0
TX-K,2011-01-07 23:00:00,0.4954612874110196,99.53054415542236,True,water_ppm_roll_std_3,371.9821108231214,9,0,1.0
TX-F,2012-03-13 21:00:00,0.49494187073303025,99.53005206334208,True,acetylene_ppm_roll_std_3,35.64092406438182,9,0,1.0
TX-I,2014-08-18 12:16:00,0.49474753450827286,99.52955997126183,True,carbon_dioxide_ppm_log1p,16.46252866269543,9,0,96.26666666666668
TX-K,2011-01-04 03:00:00,0.49455397109717675,99.52906787918155,True,water_ppm_roll_std_3,344.4972653015791,9,0,1.0
TX-F,2012-03-13 03:00:00,0.49385508732647787,99.52857578710127,True,ethane_ppm_roll_std_3,27.18481960950467,9,0,1.0
TX-F,2012-02-22 23:00:00,0.49383261985645105,99.52808369502101,True,ethane_ppm_roll_std_3,60.35222574002486,9,0,2.0
TX-M,2015-06-19 13:00:00,0.4938114606670854,99.52759160294075,True,carbon_dioxide_ppm_roll_std_3,5.677000484404096,9,0,1.0
TX-M,2015-07-08 22:00:00,0.4937742231752251,99.52709951086047,True,hydrogen_ppm_roll_std_3,6.768194897435477,9,0,2.0
TX-J,2014-12-09 21:00:00,0.493598640770661,99.5266074187802,True,water_ppm_roll_std_3,22.578006020267832,8,1,1.0
TX-J,2014-07-30 00:00:00,0.4933467042938187,99.52611532669992,True,ethylene_ppm_delta,5.781349366942244,8,1,4.0
TX-F,2012-02-19 11:00:00,0.4932714878547141,99.52562323461966,True,ethane_ppm_roll_std_3,51.0608566895174,9,0,2.0
TX-K,2011-01-08 11:00:00,0.4932423835444867,99.5251311425394,True,water_ppm_roll_std_3,354.782618526099,9,0,1.0
TX-F,2012-03-09 03:00:00,0.4927049708747345,99.52463905045911,True,ethane_ppm_roll_std_3,36.95170704272076,9,0,1.0
TX-K,2013-09-05 03:00:00,0.49242952270826934,99.52414695837885,True,carbon_dioxide_ppm_roll_std_3,45.32390404080875,9,0,5.0
TX-H,2012-07-15 13:00:00,0.49234190575758524,99.52365486629859,True,ethane_ppm_log1p,21.17617558558035,9,0,2.0
TX-F,2012-03-13 09:00:00,0.4923055326673878,99.5231627742183,True,acetylene_ppm_roll_std_3,40.960464969513446,9,0,1.0
TX-C,2011-07-21 14:00:00,0.4922909694522908,99.52267068213804,True,carbon_monoxide_ppm_roll_std_3,241.25881933256758,9,0,3.2666666666666666
TX-L,2011-09-23 17:24:00,0.49224847416965634,99.52217859005778,True,carbon_dioxide_ppm_log1p,46.542240612092215,9,0,2.05
TX-M,2015-07-05 22:00:00,0.49222627284558695,99.5216864979775,True,carbon_dioxide_ppm_roll_std_3,6.436816469873566,9,0,2.0
TX-K,2013-07-24 21:00:00,0.492163141314057,99.52119440589723,True,carbon_dioxide_ppm_roll_std_3,45.5743893431609,9,0,2.0
TX-K,2011-01-09 11:00:00,0.4917277860546273,99.52070231381697,True,water_ppm_roll_std_3,363.3829490966004,9,0,1.0
TX-K,2011-01-09 17:00:00,0.4909769891797344,99.52021022173669,True,water_ppm_roll_std_3,366.58619144899484,9,0,1.0
TX-K,2011-01-06 09:00:00,0.49065718848213064,99.51971812965643,True,water_ppm_roll_std_3,359.94188518862364,9,0,1.0
TX-K,2011-01-10 02:00:00,0.49025556682776084,99.51922603757615,True,water_ppm_roll_std_3,357.3115987485667,9,0,1.0
TX-M,2015-06-27 06:00:00,0.4902088827851036,99.51873394549588,True,carbon_dioxide_ppm_roll_std_3,6.045802554123284,9,0,2.0
TX-E,2013-02-28 00:00:00,0.4900277820913353,99.51799580737548,True,ethylene_ppm_roll_std_3,14.775749155443538,9,0,2.0
TX-G,2013-02-28 00:00:00,0.4900277820913353,99.51799580737548,True,ethylene_ppm_roll_std_3,14.775749155443538,9,0,2.0
TX-I,2013-08-14 23:00:00,0.48922468577105704,99.51725766925506,True,ethylene_ppm_roll_std_3,28.975059523720727,9,0,1.0
TX-I,2013-08-08 15:00:00,0.48880848594229215,99.51676557717481,True,ethylene_ppm_roll_std_3,30.436331295176142,9,0,1.0
TX-J,2014-07-28 00:00:00,0.48876864645502816,99.51627348509453,True,ethylene_ppm_delta,5.877705189724614,8,1,2.0
TX-I,2013-08-18 15:00:00,0.48846421914215155,99.51578139301425,True,ethylene_ppm_roll_std_3,28.427897315928778,9,0,1.0
TX-K,2011-01-08 08:00:00,0.48831662416871097,99.515289300934,True,water_ppm_roll_std_3,357.4877094806042,9,0,1.0
TX-K,2011-01-09 08:00:00,0.4880971841269995,99.51479720885372,True,water_ppm_roll_std_3,346.746250436305,9,0,1.0
TX-F,2012-03-10 03:00:00,0.48776609557492295,99.51430511677344,True,ethane_ppm_roll_std_3,28.932990247385213,9,0,1.0
TX-F,2012-03-09 09:00:00,0.48731959544155445,99.51381302469318,True,ethane_ppm_roll_std_3,34.128516881736225,9,0,1.0
TX-F,2012-03-23 17:00:00,0.48730718043391724,99.51332093261291,True,acetylene_ppm_roll_std_3,24.202540066221403,9,0,1.0
TX-F,2012-03-09 21:00:00,0.487297782661702,99.51282884053263,True,ethane_ppm_roll_std_3,35.10195546154835,9,0,1.0
TX-F,2012-03-08 03:00:00,0.4872929187226831,99.51233674845237,True,ethane_ppm_roll_std_3,37.65181067029913,9,0,1.0
TX-F,2012-03-03 11:00:00,0.4871983717873774,99.51184465637209,True,ethane_ppm_roll_std_3,37.643864998381424,9,0,2.0
TX-M,2015-06-25 22:00:00,0.48708453948573205,99.51135256429183,True,carbon_dioxide_ppm_roll_std_3,5.819271214775807,9,0,2.0
TX-M,2015-06-25 05:00:00,0.4868796004570253,99.51086047221156,True,carbon_dioxide_ppm_roll_std_3,5.8703487183574925,9,0,1.0
TX-K,2013-08-29 06:00:00,0.48687626556953184,99.51036838013128,True,carbon_dioxide_ppm_roll_std_3,40.17747536417924,9,0,2.0
TX-F,2012-03-15 10:00:00,0.48683317647822777,99.50987628805102,True,ethane_ppm_roll_std_3,26.678234025558694,9,0,2.0
TX-I,2013-07-31 15:00:00,0.48680534058502234,99.50938419597075,True,ethylene_ppm_roll_std_3,30.360688967825485,9,0,1.0
TX-I,2013-08-02 15:00:00,0.4866065277542691,99.50889210389047,True,ethylene_ppm_roll_std_3,31.16469540743939,9,0,1.0
TX-J,2014-08-07 08:00:00,0.48645968153813546,99.50840001181021,True,ethylene_ppm_delta,6.744907594765952,8,1,4.0
